https://www.neputa-note.net/2010/03/blog-post.html,https://www.neputa-note.net/entry/2010/03/09/hahakigi-hosei-closed-ward,301,TRUE,FALSE,FALSE
https://www.neputa-note.net/2010/03/blog-post/,https://www.neputa-note.net/entry/2010/03/09/hahakigi-hosei-closed-ward,301,TRUE,FALSE,FALSE
https://www.neputa-note.net/2010/03/hahakigi-hosei.closed-ward.html,https://www.neputa-note.net/entry/2010/03/09/hahakigi-hosei-closed-ward,301,TRUE,FALSE,FALSE
https://www.neputa-note.net/2010/03/hahakigi-hosei.closed-ward/,https://www.neputa-note.net/entry/2010/03/09/hahakigi-hosei-closed-ward,301,TRUE,FALSE,FALSE
https://www.neputa-note.net/2010/03/hahakigi-hoseiclosed-ward/,https://www.neputa-note.net/entry/2010/03/09/hahakigi-hosei-closed-ward,301,TRUE,FALSE,FALSE
https://www.neputa-note.net/2011/03/blog-post.html,https://www.neputa-note.net/entry/2011/03/12/motohashi-seiichi-slaughterhouse,301,TRUE,FALSE,FALSE
https://www.neputa-note.net/2011/03/blog-post/,https://www.neputa-note.net/entry/2011/03/12/motohashi-seiichi-slaughterhouse,301,TRUE,FALSE,FALSE
https://www.neputa-note.net/2011/03/motohashi-seiichi.slaughterhouse.html,https://www.neputa-note.net/entry/2011/03/12/motohashi-seiichi-slaughterhouse,301,TRUE,FALSE,FALSE
https://www.neputa-note.net/2011/03/motohashi-seiichi.slaughterhouse/,https://www.neputa-note.net/entry/2011/03/12/motohashi-seiichi-slaughterhouse,301,TRUE,FALSE,FALSE
https://www.neputa-note.net/2011/03/motohashi-seiichislaughterhouse/,https://www.neputa-note.net/entry/2011/03/12/motohashi-seiichi-slaughterhouse,301,TRUE,FALSE,FALSE
https://www.neputa-note.net/2011/05/blog-post.html,https://www.neputa-note.net/entry/2011/05/06/emergency-call-from-etrov,301,TRUE,FALSE,FALSE
https://www.neputa-note.net/2011/05/blog-post/,https://www.neputa-note.net/entry/2011/05/06/emergency-call-from-etrov,301,TRUE,FALSE,FALSE
https://www.neputa-note.net/2011/10/blog-post.html,https://www.neputa-note.net/entry/2011/10/10/hahakigi-hosei-escape,301,TRUE,FALSE,FALSE
https://www.neputa-note.net/2011/10/blog-post/,https://www.neputa-note.net/entry/2011/10/10/hahakigi-hosei-escape,301,TRUE,FALSE,FALSE
https://www.neputa-note.net/2011/10/hahakigi-hosei.escape.html,https://www.neputa-note.net/entry/2011/10/10/hahakigi-hosei-escape,301,TRUE,FALSE,FALSE
https://www.neputa-note.net/2011/10/hahakigi-hosei.escape/,https://www.neputa-note.net/entry/2011/10/10/hahakigi-hosei-escape,301,TRUE,FALSE,FALSE
https://www.neputa-note.net/2011/10/hahakigi-hoseiescape/,https://www.neputa-note.net/entry/2011/10/10/hahakigi-hosei-escape,301,TRUE,FALSE,FALSE
https://www.neputa-note.net/2013/01/blog-post.html,https://www.neputa-note.net/entry/2013/01/27/takamura-kaoru-cold-blood,301,TRUE,FALSE,FALSE
https://www.neputa-note.net/2013/01/blog-post/,https://www.neputa-note.net/entry/2013/01/27/takamura-kaoru-cold-blood,301,TRUE,FALSE,FALSE
https://www.neputa-note.net/2013/01/takamura-kaoru.cold-blood.html,https://www.neputa-note.net/entry/2013/01/27/takamura-kaoru-cold-blood,301,TRUE,FALSE,FALSE
https://www.neputa-note.net/2013/01/takamura-kaoru.cold-blood/,https://www.neputa-note.net/entry/2013/01/27/takamura-kaoru-cold-blood,301,TRUE,FALSE,FALSE
https://www.neputa-note.net/2013/01/takamura-kaorucold-blood/,https://www.neputa-note.net/entry/2013/01/27/takamura-kaoru-cold-blood,301,TRUE,FALSE,FALSE
https://www.neputa-note.net/2014/11/blog-post.html,https://www.neputa-note.net/entry/2014/11/08/hahakigi-hosei-the-darkness-of-the-rose-window,301,TRUE,FALSE,FALSE
https://www.neputa-note.net/2014/11/blog-post/,https://www.neputa-note.net/entry/2014/11/08/hahakigi-hosei-the-darkness-of-the-rose-window,301,TRUE,FALSE,FALSE
https://www.neputa-note.net/2014/11/blog-post_22.html,https://www.neputa-note.net/entry/2014/11/22/hahakigi-hosei-embrio,301,TRUE,FALSE,FALSE
https://www.neputa-note.net/2014/11/blog-post_22/,https://www.neputa-note.net/entry/2014/11/22/hahakigi-hosei-embrio,301,TRUE,FALSE,FALSE
https://www.neputa-note.net/2014/11/hahakigi-hosei.anraku-ward.html,https://www.neputa-note.net/entry/2014/11/29/hahakigi-hosei-anraku-ward,301,TRUE,FALSE,FALSE
https://www.neputa-note.net/2014/11/hahakigi-hosei.anraku-ward/,https://www.neputa-note.net/entry/2014/11/29/hahakigi-hosei-anraku-ward,301,TRUE,FALSE,FALSE
https://www.neputa-note.net/2014/11/hahakigi-hoseianraku-ward/,https://www.neputa-note.net/entry/2014/11/29/hahakigi-hosei-anraku-ward,301,TRUE,FALSE,FALSE
https://www.neputa-note.net/2014/11/hahakigi-hosei.embrio.html,https://www.neputa-note.net/entry/2014/11/22/hahakigi-hosei-embrio,301,TRUE,FALSE,FALSE
https://www.neputa-note.net/2014/11/hahakigi-hosei.embrio/,https://www.neputa-note.net/entry/2014/11/22/hahakigi-hosei-embrio,301,TRUE,FALSE,FALSE
https://www.neputa-note.net/2014/11/hahakigi-hoseiembrio/,https://www.neputa-note.net/entry/2014/11/22/hahakigi-hosei-embrio,301,TRUE,FALSE,FALSE
https://www.neputa-note.net/2014/11/hahakigi-hosei.intersex.html,https://www.neputa-note.net/entry/2014/11/15/hahakigi-hosei-intersex,301,TRUE,FALSE,FALSE
https://www.neputa-note.net/2014/11/hahakigi-hosei.intersex/,https://www.neputa-note.net/entry/2014/11/15/hahakigi-hosei-intersex,301,TRUE,FALSE,FALSE
https://www.neputa-note.net/2014/11/hahakigi-hoseiintersex/,https://www.neputa-note.net/entry/2014/11/15/hahakigi-hosei-intersex,301,TRUE,FALSE,FALSE
https://www.neputa-note.net/2014/11/hahakigi-hosei.the-darkness-of-the-rose-window.html,https://www.neputa-note.net/entry/2014/11/08/hahakigi-hosei-the-darkness-of-the-rose-window,301,TRUE,FALSE,FALSE
https://www.neputa-note.net/2014/11/hahakigi-hosei.the-darkness-of-the-rose-window/,https://www.neputa-note.net/entry/2014/11/08/hahakigi-hosei-the-darkness-of-the-rose-window,301,TRUE,FALSE,FALSE
https://www.neputa-note.net/2014/11/hahakigi-hoseithe-darkness-of-the-rose-window/,https://www.neputa-note.net/entry/2014/11/08/hahakigi-hosei-the-darkness-of-the-rose-window,301,TRUE,FALSE,FALSE
https://www.neputa-note.net/2014/12/blog-post.html,https://www.neputa-note.net/entry/2014/11/15/hahakigi-hosei-intersex,301,TRUE,FALSE,FALSE
https://www.neputa-note.net/2014/12/blog-post/,https://www.neputa-note.net/entry/2014/11/15/hahakigi-hosei-intersex,301,TRUE,FALSE,FALSE
https://www.neputa-note.net/2014/12/blog-post_22.html,https://www.neputa-note.net/entry/2014/11/29/hahakigi-hosei-anraku-ward,301,TRUE,FALSE,FALSE
https://www.neputa-note.net/2014/12/blog-post_22/,https://www.neputa-note.net/entry/2014/11/29/hahakigi-hosei-anraku-ward,301,TRUE,FALSE,FALSE
https://www.neputa-note.net/2014/12/blog-post_98.html,https://www.neputa-note.net/entry/2014/12/22/uehashi-nahoko-the-beast-player,301,TRUE,FALSE,FALSE
https://www.neputa-note.net/2014/12/blog-post_98/,https://www.neputa-note.net/entry/2014/12/22/uehashi-nahoko-the-beast-player,301,TRUE,FALSE,FALSE
https://www.neputa-note.net/2014/12/uehashi-nahoko.the-beast-player.html,https://www.neputa-note.net/entry/2014/12/22/uehashi-nahoko-the-beast-player,301,TRUE,FALSE,FALSE
https://www.neputa-note.net/2014/12/uehashi-nahoko.the-beast-player/,https://www.neputa-note.net/entry/2014/12/22/uehashi-nahoko-the-beast-player,301,TRUE,FALSE,FALSE
https://www.neputa-note.net/2014/12/uehashi-nahokothe-beast-player/,https://www.neputa-note.net/entry/2014/12/22/uehashi-nahoko-the-beast-player,301,TRUE,FALSE,FALSE
https://www.neputa-note.net/2015/02/blog-post_21.html,https://www.neputa-note.net/entry/2015/02/21/inoue-yasushi-tenpyo-no-iraka,301,TRUE,FALSE,FALSE
https://www.neputa-note.net/2015/02/blog-post_21/,https://www.neputa-note.net/entry/2015/02/21/inoue-yasushi-tenpyo-no-iraka,301,TRUE,FALSE,FALSE
https://www.neputa-note.net/2015/02/inoue-yasushi.tenpyo-no-iraka.html,https://www.neputa-note.net/entry/2015/02/21/inoue-yasushi-tenpyo-no-iraka,301,TRUE,FALSE,FALSE
https://www.neputa-note.net/2015/02/inoue-yasushi.tenpyo-no-iraka/,https://www.neputa-note.net/entry/2015/02/21/inoue-yasushi-tenpyo-no-iraka,301,TRUE,FALSE,FALSE
https://www.neputa-note.net/2015/02/inoue-yasushitenpyo-no-iraka/,https://www.neputa-note.net/entry/2015/02/21/inoue-yasushi-tenpyo-no-iraka,301,TRUE,FALSE,FALSE
https://www.neputa-note.net/2015/02/k.html,https://www.neputa-note.net/entry/2015/02/04/do-androids-dream-of-electric-sheep,301,TRUE,FALSE,FALSE
https://www.neputa-note.net/2015/02/k/,https://www.neputa-note.net/entry/2015/02/04/do-androids-dream-of-electric-sheep,301,TRUE,FALSE,FALSE
https://www.neputa-note.net/2015/03/blog-post_14.html,https://www.neputa-note.net/entry/2015/03/14/kazuo-ishiguro-dont-let-me-go,301,TRUE,FALSE,FALSE
https://www.neputa-note.net/2015/03/blog-post_14/,https://www.neputa-note.net/entry/2015/03/14/kazuo-ishiguro-dont-let-me-go,301,TRUE,FALSE,FALSE
https://www.neputa-note.net/2015/03/blog-post_9.html,https://www.neputa-note.net/entry/2015/03/09/nakamura-fuminori-cult-x,301,TRUE,FALSE,FALSE
https://www.neputa-note.net/2015/03/blog-post_9/,https://www.neputa-note.net/entry/2015/03/09/nakamura-fuminori-cult-x,301,TRUE,FALSE,FALSE
https://www.neputa-note.net/2015/03/kazuo-ishiguro.dont-let-me-go.html,https://www.neputa-note.net/entry/2015/03/14/kazuo-ishiguro-dont-let-me-go,301,TRUE,FALSE,FALSE
https://www.neputa-note.net/2015/03/kazuo-ishiguro.dont-let-me-go/,https://www.neputa-note.net/entry/2015/03/14/kazuo-ishiguro-dont-let-me-go,301,TRUE,FALSE,FALSE
https://www.neputa-note.net/2015/03/kazuo-ishigurodont-let-me-go/,https://www.neputa-note.net/entry/2015/03/14/kazuo-ishiguro-dont-let-me-go,301,TRUE,FALSE,FALSE
https://www.neputa-note.net/2015/03/nakamura-fuminori.cult-x.html,https://www.neputa-note.net/entry/2015/03/09/nakamura-fuminori-cult-x,301,TRUE,FALSE,FALSE
https://www.neputa-note.net/2015/03/nakamura-fuminori.cult-x/,https://www.neputa-note.net/entry/2015/03/09/nakamura-fuminori-cult-x,301,TRUE,FALSE,FALSE
https://www.neputa-note.net/2015/03/nakamura-fuminoricult-x/,https://www.neputa-note.net/entry/2015/03/09/nakamura-fuminori-cult-x,301,TRUE,FALSE,FALSE
https://www.neputa-note.net/2015/04/blog-post_14.html,https://www.neputa-note.net/entry/2015/04/14/takamura-kaoru-haruko-emotional-song,301,TRUE,FALSE,FALSE
https://www.neputa-note.net/2015/04/blog-post_14/,https://www.neputa-note.net/entry/2015/04/14/takamura-kaoru-haruko-emotional-song,301,TRUE,FALSE,FALSE
https://www.neputa-note.net/2015/04/takamura-kaoru.haruko-emotional-song.html,https://www.neputa-note.net/entry/2015/04/14/takamura-kaoru-haruko-emotional-song,301,TRUE,FALSE,FALSE
https://www.neputa-note.net/2015/04/takamura-kaoru.haruko-emotional-song/,https://www.neputa-note.net/entry/2015/04/14/takamura-kaoru-haruko-emotional-song,301,TRUE,FALSE,FALSE
https://www.neputa-note.net/2015/04/takamura-kaoruharuko-emotional-song/,https://www.neputa-note.net/entry/2015/04/14/takamura-kaoru-haruko-emotional-song,301,TRUE,FALSE,FALSE
https://www.neputa-note.net/2015/05/blog-post_3.html,https://www.neputa-note.net/entry/2015/05/03/fuminori-nakamura-children-in-the-soil,301,TRUE,FALSE,FALSE
https://www.neputa-note.net/2015/05/blog-post_3/,https://www.neputa-note.net/entry/2015/05/03/fuminori-nakamura-children-in-the-soil,301,TRUE,FALSE,FALSE
https://www.neputa-note.net/2015/05/fuminori-nakamura.children-in-the-soil.html,https://www.neputa-note.net/entry/2015/05/03/fuminori-nakamura-children-in-the-soil,301,TRUE,FALSE,FALSE
https://www.neputa-note.net/2015/05/fuminori-nakamura.children-in-the-soil/,https://www.neputa-note.net/entry/2015/05/03/fuminori-nakamura-children-in-the-soil,301,TRUE,FALSE,FALSE
https://www.neputa-note.net/2015/05/fuminori-nakamurachildren-in-the-soil/,https://www.neputa-note.net/entry/2015/05/03/fuminori-nakamura-children-in-the-soil,301,TRUE,FALSE,FALSE
https://www.neputa-note.net/2015/08/blog-post.html,https://www.neputa-note.net/entry/2015/08/12/takamura-kaoru-new-rear-king,301,TRUE,FALSE,FALSE
https://www.neputa-note.net/2015/08/blog-post/,https://www.neputa-note.net/entry/2015/08/12/takamura-kaoru-new-rear-king,301,TRUE,FALSE,FALSE
https://www.neputa-note.net/2015/08/takamura-kaoru.new-rear-king.html,https://www.neputa-note.net/entry/2015/08/12/takamura-kaoru-new-rear-king,301,TRUE,FALSE,FALSE
https://www.neputa-note.net/2015/08/takamura-kaoru.new-rear-king/,https://www.neputa-note.net/entry/2015/08/12/takamura-kaoru-new-rear-king,301,TRUE,FALSE,FALSE
https://www.neputa-note.net/2015/08/takamura-kaorunew-rear-king/,https://www.neputa-note.net/entry/2015/08/12/takamura-kaoru-new-rear-king,301,TRUE,FALSE,FALSE
https://www.neputa-note.net/2015/11/blog-post.html,https://www.neputa-note.net/entry/2015/11/02/takamura-kaoru-horse-pulling-the-sun,301,TRUE,FALSE,FALSE
https://www.neputa-note.net/2015/11/blog-post/,https://www.neputa-note.net/entry/2015/11/02/takamura-kaoru-horse-pulling-the-sun,301,TRUE,FALSE,FALSE
https://www.neputa-note.net/2015/11/blog-post_2.html,https://www.neputa-note.net/entry/2015/11/02/takamura-kaoru-marks-mountain,301,TRUE,FALSE,FALSE
https://www.neputa-note.net/2015/11/blog-post_2/,https://www.neputa-note.net/entry/2015/11/02/takamura-kaoru-marks-mountain,301,TRUE,FALSE,FALSE
https://www.neputa-note.net/2015/11/takamura-kaoru.horse-pulling-the-sun.html,https://www.neputa-note.net/entry/2015/11/02/takamura-kaoru-horse-pulling-the-sun,301,TRUE,FALSE,FALSE
https://www.neputa-note.net/2015/11/takamura-kaoru.horse-pulling-the-sun/,https://www.neputa-note.net/entry/2015/11/02/takamura-kaoru-horse-pulling-the-sun,301,TRUE,FALSE,FALSE
https://www.neputa-note.net/2015/11/takamura-kaoruhorse-pulling-the-sun/,https://www.neputa-note.net/entry/2015/11/02/takamura-kaoru-horse-pulling-the-sun,301,TRUE,FALSE,FALSE
https://www.neputa-note.net/2015/11/takamura-kaoru.marks-mountain.html,https://www.neputa-note.net/entry/2015/11/02/takamura-kaoru-marks-mountain,301,TRUE,FALSE,FALSE
https://www.neputa-note.net/2015/11/takamura-kaoru.marks-mountain/,https://www.neputa-note.net/entry/2015/11/02/takamura-kaoru-marks-mountain,301,TRUE,FALSE,FALSE
https://www.neputa-note.net/2015/11/takamura-kaorumarks-mountain/,https://www.neputa-note.net/entry/2015/11/02/takamura-kaoru-marks-mountain,301,TRUE,FALSE,FALSE
https://www.neputa-note.net/2017/04/blog-post.html,https://www.neputa-note.net/entry/2017/04/02/abelchristo,301,TRUE,FALSE,FALSE
https://www.neputa-note.net/2017/04/blog-post/,https://www.neputa-note.net/entry/2017/04/02/abelchristo,301,TRUE,FALSE,FALSE
https://www.neputa-note.net/2017/07/amazon-kindle-hont/,https://www.neputa-note.net/entry/2017/07/09/amazon-kindle-honto,301,TRUE,FALSE,FALSE
https://www.neputa-note.net/2017/07/jyu-nakamura.fuminori.html,https://www.neputa-note.net/entry/2017/07/28/jyu-nakamura-fuminori,301,TRUE,FALSE,FALSE
https://www.neputa-note.net/2017/07/jyu-nakamura.fuminori/,https://www.neputa-note.net/entry/2017/07/28/jyu-nakamura-fuminori,301,TRUE,FALSE,FALSE
https://www.neputa-note.net/2017/07/jyu-nakamurafuminori/,https://www.neputa-note.net/entry/2017/07/28/jyu-nakamura-fuminori,301,TRUE,FALSE,FALSE
https://www.neputa-note.net/2017/08/long-wonderful-and-depressing-day-makoto.siina.html,https://www.neputa-note.net/entry/2017/08/06/long-wonderful-and-depressing-day-makoto-siina,301,TRUE,FALSE,FALSE
https://www.neputa-note.net/2017/08/long-wonderful-and-depressing-day-makoto.siina/,https://www.neputa-note.net/entry/2017/08/06/long-wonderful-and-depressing-day-makoto-siina,301,TRUE,FALSE,FALSE
https://www.neputa-note.net/2017/08/long-wonderful-and-depressing-day-makotosiina/,https://www.neputa-note.net/entry/2017/08/06/long-wonderful-and-depressing-day-makoto-siina,301,TRUE,FALSE,FALSE
https://www.neputa-note.net/2017/08/themoon.and-sixpence/,https://www.neputa-note.net/entry/2017/08/26/themoon-and-sixpence,301,TRUE,FALSE,FALSE
https://www.neputa-note.net/2017/08/themoon.and.sixpence.html,https://www.neputa-note.net/entry/2017/08/26/themoon-and-sixpence,301,TRUE,FALSE,FALSE
https://www.neputa-note.net/2017/08/themoon.and.sixpence/,https://www.neputa-note.net/entry/2017/08/26/themoon-and-sixpence,301,TRUE,FALSE,FALSE
https://www.neputa-note.net/2017/08/themoonandsixpence/,https://www.neputa-note.net/entry/2017/08/26/themoon-and-sixpence,301,TRUE,FALSE,FALSE
https://www.neputa-note.net/2017/09/Hemingway.oldman-and-sea.html,https://www.neputa-note.net/entry/2017/09/21/hemingway-oldman-and-sea,301,TRUE,FALSE,FALSE
https://www.neputa-note.net/2017/09/Hemingway.oldman-and-sea/,https://www.neputa-note.net/entry/2017/09/21/hemingway-oldman-and-sea,301,TRUE,FALSE,FALSE
https://www.neputa-note.net/2017/09/Hemingwayoldman-and-sea/,https://www.neputa-note.net/entry/2017/09/21/hemingway-oldman-and-sea,301,TRUE,FALSE,FALSE
https://www.neputa-note.net/2017/09/hemingwayoldman-and-sea/,https://www.neputa-note.net/entry/2017/09/21/hemingway-oldman-and-sea,301,TRUE,FALSE,FALSE
https://www.neputa-note.net/2017/09/labyrinth-fuminori.nakamura.html,https://www.neputa-note.net/entry/2017/09/18/labyrinth-fuminori-nakamura,301,TRUE,FALSE,FALSE
https://www.neputa-note.net/2017/09/labyrinth-fuminori.nakamura/,https://www.neputa-note.net/entry/2017/09/18/labyrinth-fuminori-nakamura,301,TRUE,FALSE,FALSE
https://www.neputa-note.net/2017/09/labyrinth-fuminorinakamura/,https://www.neputa-note.net/entry/2017/09/18/labyrinth-fuminori-nakamura,301,TRUE,FALSE,FALSE
https://www.neputa-note.net/2017/09/sakuragi-shino.daremoinai-yorunisaku.html,https://www.neputa-note.net/entry/2017/09/28/sakuragi-shino-daremoinai-yorunisaku,301,TRUE,FALSE,FALSE
https://www.neputa-note.net/2017/09/sakuragi-shino.daremoinai-yorunisaku/,https://www.neputa-note.net/entry/2017/09/28/sakuragi-shino-daremoinai-yorunisaku,301,TRUE,FALSE,FALSE
https://www.neputa-note.net/2017/09/sakuragi-shinodaremoinai-yorunisaku/,https://www.neputa-note.net/entry/2017/09/28/sakuragi-shino-daremoinai-yorunisaku,301,TRUE,FALSE,FALSE
https://www.neputa-note.net/2017/10/hideki-shibuya.Invitation-to-constitution.html,https://www.neputa-note.net/entry/2017/10/24/hideki-shibuya-invitation-to-constitution,301,TRUE,FALSE,FALSE
https://www.neputa-note.net/2017/10/hideki-shibuya.Invitation-to-constitution/,https://www.neputa-note.net/entry/2017/10/24/hideki-shibuya-invitation-to-constitution,301,TRUE,FALSE,FALSE
https://www.neputa-note.net/2017/10/hideki-shibuyaInvitation-to-constitution/,https://www.neputa-note.net/entry/2017/10/24/hideki-shibuya-invitation-to-constitution,301,TRUE,FALSE,FALSE
https://www.neputa-note.net/2017/10/hideki-shibuyainvitation-to-constitution/,https://www.neputa-note.net/entry/2017/10/24/hideki-shibuya-invitation-to-constitution,301,TRUE,FALSE,FALSE
https://www.neputa-note.net/2017/10/sakuragi-shino.hotel-royal.html,https://www.neputa-note.net/entry/2017/10/02/sakuragi-shino-hotel-royal,301,TRUE,FALSE,FALSE
https://www.neputa-note.net/2017/10/sakuragi-shino.hotel-royal/,https://www.neputa-note.net/entry/2017/10/02/sakuragi-shino-hotel-royal,301,TRUE,FALSE,FALSE
https://www.neputa-note.net/2017/10/sakuragi-shinohotel-royal/,https://www.neputa-note.net/entry/2017/10/02/sakuragi-shino-hotel-royal,301,TRUE,FALSE,FALSE
https://www.neputa-note.net/2017/10/scott-turow.presumptuous.html,https://www.neputa-note.net/entry/2017/10/30/scott-turow-presumptuous,301,TRUE,FALSE,FALSE
https://www.neputa-note.net/2017/10/scott-turow.presumptuous/,https://www.neputa-note.net/entry/2017/10/30/scott-turow-presumptuous,301,TRUE,FALSE,FALSE
https://www.neputa-note.net/2017/10/scott-turowpresumptuous/,https://www.neputa-note.net/entry/2017/10/30/scott-turow-presumptuous,301,TRUE,FALSE,FALSE
https://www.neputa-note.net/2017/11/Jussi-Adler-Olsen.message-from-p.html,https://www.neputa-note.net/entry/2017/11/19/jussi-adler-olsen-message-from-p,301,TRUE,FALSE,FALSE
https://www.neputa-note.net/2017/11/Jussi-Adler-Olsen.message-from-p/,https://www.neputa-note.net/entry/2017/11/19/jussi-adler-olsen-message-from-p,301,TRUE,FALSE,FALSE
https://www.neputa-note.net/2017/11/Jussi-Adler-Olsenmessage-from-p/,https://www.neputa-note.net/entry/2017/11/19/jussi-adler-olsen-message-from-p,301,TRUE,FALSE,FALSE
https://www.neputa-note.net/2017/11/jussi-adler-olsenmessage-from-p/,https://www.neputa-note.net/entry/2017/11/19/jussi-adler-olsen-message-from-p,301,TRUE,FALSE,FALSE
https://www.neputa-note.net/2017/11/kakine-ryosuke.wild-soul.html,https://www.neputa-note.net/entry/2017/11/26/kakine-ryosuke-wild-soul,301,TRUE,FALSE,FALSE
https://www.neputa-note.net/2017/11/kakine-ryosuke.wild-soul/,https://www.neputa-note.net/entry/2017/11/26/kakine-ryosuke-wild-soul,301,TRUE,FALSE,FALSE
https://www.neputa-note.net/2017/11/kakine-ryosukewild-soul/,https://www.neputa-note.net/entry/2017/11/26/kakine-ryosuke-wild-soul,301,TRUE,FALSE,FALSE
https://www.neputa-note.net/2017/11/sakuragi-shino.terminal.html,https://www.neputa-note.net/entry/2017/11/04/sakuragi-shino-terminal,301,TRUE,FALSE,FALSE
https://www.neputa-note.net/2017/11/sakuragi-shino.terminal/,https://www.neputa-note.net/entry/2017/11/04/sakuragi-shino-terminal,301,TRUE,FALSE,FALSE
https://www.neputa-note.net/2017/11/sakuragi-shinoterminal/,https://www.neputa-note.net/entry/2017/11/04/sakuragi-shino-terminal,301,TRUE,FALSE,FALSE
https://www.neputa-note.net/2017/11/tetsuzo-fukuzawa.i-turn.html,https://www.neputa-note.net/entry/2017/11/08/tetsuzo-fukuzawa-i-turn,301,TRUE,FALSE,FALSE
https://www.neputa-note.net/2017/11/tetsuzo-fukuzawa.i-turn/,https://www.neputa-note.net/entry/2017/11/08/tetsuzo-fukuzawa-i-turn,301,TRUE,FALSE,FALSE
https://www.neputa-note.net/2017/11/tetsuzo-fukuzawai-turn/,https://www.neputa-note.net/entry/2017/11/08/tetsuzo-fukuzawa-i-turn,301,TRUE,FALSE,FALSE
https://www.neputa-note.net/2017/11/tetsuzo-fukuzawa.sujibori.html,https://www.neputa-note.net/entry/2017/11/12/tetsuzo-fukuzawa-sujibori,301,TRUE,FALSE,FALSE
https://www.neputa-note.net/2017/11/tetsuzo-fukuzawa.sujibori/,https://www.neputa-note.net/entry/2017/11/12/tetsuzo-fukuzawa-sujibori,301,TRUE,FALSE,FALSE
https://www.neputa-note.net/2017/11/tetsuzo-fukuzawasujibori/,https://www.neputa-note.net/entry/2017/11/12/tetsuzo-fukuzawa-sujibori,301,TRUE,FALSE,FALSE
https://www.neputa-note.net/2017/12/miyabe-miyuki.reason.html,https://www.neputa-note.net/entry/2017/12/08/miyabe-miyuki-reason,301,TRUE,FALSE,FALSE
https://www.neputa-note.net/2017/12/miyabe-miyuki.reason/,https://www.neputa-note.net/entry/2017/12/08/miyabe-miyuki-reason,301,TRUE,FALSE,FALSE
https://www.neputa-note.net/2017/12/miyabe-miyukireason/,https://www.neputa-note.net/entry/2017/12/08/miyabe-miyuki-reason,301,TRUE,FALSE,FALSE
https://www.neputa-note.net/2017/12/stieg-larsson.millennium1-girl-with-dragontattoo.html,https://www.neputa-note.net/entry/2017/12/20/stieg-larsson-millennium1-girl-with-dragontattoo,301,TRUE,FALSE,FALSE
https://www.neputa-note.net/2017/12/stieg-larsson.millennium1-girl-with-dragontattoo/,https://www.neputa-note.net/entry/2017/12/20/stieg-larsson-millennium1-girl-with-dragontattoo,301,TRUE,FALSE,FALSE
https://www.neputa-note.net/2017/12/stieg-larssonmillennium1-girl-with-dragontattoo/,https://www.neputa-note.net/entry/2017/12/20/stieg-larsson-millennium1-girl-with-dragontattoo,301,TRUE,FALSE,FALSE
https://www.neputa-note.net/2017/12/stieg-larsson.millennium2-girl-who-played-with-fire.html,https://www.neputa-note.net/entry/2017/12/29/stieg-larsson-millennium2-girl-who-played-with-fire,301,TRUE,FALSE,FALSE
https://www.neputa-note.net/2017/12/stieg-larsson.millennium2-girl-who-played-with-fire/,https://www.neputa-note.net/entry/2017/12/29/stieg-larsson-millennium2-girl-who-played-with-fire,301,TRUE,FALSE,FALSE
https://www.neputa-note.net/2017/12/stieg-larssonmillennium2-girl-who-played-with-fire/,https://www.neputa-note.net/entry/2017/12/29/stieg-larsson-millennium2-girl-who-played-with-fire,301,TRUE,FALSE,FALSE
https://www.neputa-note.net/2017/12/yo-kusakabe.painless.html,https://www.neputa-note.net/entry/2017/12/01/yo-kusakabe-painless,301,TRUE,FALSE,FALSE
https://www.neputa-note.net/2017/12/yo-kusakabe.painless/,https://www.neputa-note.net/entry/2017/12/01/yo-kusakabe-painless,301,TRUE,FALSE,FALSE
https://www.neputa-note.net/2017/12/yo-kusakabepainless/,https://www.neputa-note.net/entry/2017/12/01/yo-kusakabe-painless,301,TRUE,FALSE,FALSE
https://www.neputa-note.net/2018/01/clare-kipps.sold-for-a-farthing.html,https://www.neputa-note.net/entry/2018/01/16/clare-kipps-sold-for-a-farthing,301,TRUE,FALSE,FALSE
https://www.neputa-note.net/2018/01/clare-kipps.sold-for-a-farthing/,https://www.neputa-note.net/entry/2018/01/16/clare-kipps-sold-for-a-farthing,301,TRUE,FALSE,FALSE
https://www.neputa-note.net/2018/01/clare-kippssold-for-a-farthing/,https://www.neputa-note.net/entry/2018/01/16/clare-kipps-sold-for-a-farthing,301,TRUE,FALSE,FALSE
https://www.neputa-note.net/2018/01/michael-bar-zohar.mossad-file.html,https://www.neputa-note.net/entry/2018/01/30/michael-bar-zohar-mossad-file,301,TRUE,FALSE,FALSE
https://www.neputa-note.net/2018/01/michael-bar-zohar.mossad-file/,https://www.neputa-note.net/entry/2018/01/30/michael-bar-zohar-mossad-file,301,TRUE,FALSE,FALSE
https://www.neputa-note.net/2018/01/nashiki-kaho.when-spring-comes-to-pick-strawberries.html,https://www.neputa-note.net/entry/2018/01/28/nashiki-kaho-when-spring-comes-to-pick-strawberries,301,TRUE,FALSE,FALSE
https://www.neputa-note.net/2018/01/nashiki-kaho.when-spring-comes-to-pick-strawberries/,https://www.neputa-note.net/entry/2018/01/28/nashiki-kaho-when-spring-comes-to-pick-strawberries,301,TRUE,FALSE,FALSE
https://www.neputa-note.net/2018/01/nashiki-kahowhen-spring-comes-to-pick-strawberries/,https://www.neputa-note.net/entry/2018/01/28/nashiki-kaho-when-spring-comes-to-pick-strawberries,301,TRUE,FALSE,FALSE
https://www.neputa-note.net/2018/01/stieg-larsson.millennium3-girl-who-kicked-hornets-nest.html,https://www.neputa-note.net/entry/2018/01/10/stieg-larsson-millennium3-girl-who-kicked-hornets-nest,301,TRUE,FALSE,FALSE
https://www.neputa-note.net/2018/01/stieg-larsson.millennium3-girl-who-kicked-hornets-nest/,https://www.neputa-note.net/entry/2018/01/10/stieg-larsson-millennium3-girl-who-kicked-hornets-nest,301,TRUE,FALSE,FALSE
https://www.neputa-note.net/2018/01/stieg-larssonmillennium3-girl-who-kicked-hornets-nest/,https://www.neputa-note.net/entry/2018/01/10/stieg-larsson-millennium3-girl-who-kicked-hornets-nest,301,TRUE,FALSE,FALSE
https://www.neputa-note.net/2018/02/boris-vian.lecume-des-jours.html,https://www.neputa-note.net/entry/2018/02/22/boris-vian-lecume-des-jours,301,TRUE,FALSE,FALSE
https://www.neputa-note.net/2018/02/boris-vian.lecume-des-jours/,https://www.neputa-note.net/entry/2018/02/22/boris-vian-lecume-des-jours,301,TRUE,FALSE,FALSE
https://www.neputa-note.net/2018/02/boris-vianlecume-des-jours/,https://www.neputa-note.net/entry/2018/02/22/boris-vian-lecume-des-jours,301,TRUE,FALSE,FALSE
https://www.neputa-note.net/2018/02/mamiya-yuriko.four-men-traveling-in-keigo.html,https://www.neputa-note.net/entry/2018/02/13/mamiya-yuriko-four-men-traveling-in-keigo,301,TRUE,FALSE,FALSE
https://www.neputa-note.net/2018/02/mamiya-yuriko.four-men-traveling-in-keigo/,https://www.neputa-note.net/entry/2018/02/13/mamiya-yuriko-four-men-traveling-in-keigo,301,TRUE,FALSE,FALSE
https://www.neputa-note.net/2018/02/mamiya-yurikofour-men-traveling-in-keigo/,https://www.neputa-note.net/entry/2018/02/13/mamiya-yuriko-four-men-traveling-in-keigo,301,TRUE,FALSE,FALSE
https://www.neputa-note.net/2018/02/yo-kusakabe.haiyo-shin.html,https://www.neputa-note.net/entry/2018/02/02/yo-kusakabe-haiyo-shin,301,TRUE,FALSE,FALSE
https://www.neputa-note.net/2018/02/yo-kusakabe.haiyo-shin/,https://www.neputa-note.net/entry/2018/02/02/yo-kusakabe-haiyo-shin,301,TRUE,FALSE,FALSE
https://www.neputa-note.net/2018/02/yo-kusakabehaiyo-shin/,https://www.neputa-note.net/entry/2018/02/02/yo-kusakabe-haiyo-shin,301,TRUE,FALSE,FALSE
https://www.neputa-note.net/2018/03/hahakigi-hosei.suijin.html,https://www.neputa-note.net/entry/2018/03/12/hahakigi-hosei-suijin,301,TRUE,FALSE,FALSE
https://www.neputa-note.net/2018/03/hahakigi-hosei.suijin/,https://www.neputa-note.net/entry/2018/03/12/hahakigi-hosei-suijin,301,TRUE,FALSE,FALSE
https://www.neputa-note.net/2018/03/hahakigi-hoseisuijin/,https://www.neputa-note.net/entry/2018/03/12/hahakigi-hosei-suijin,301,TRUE,FALSE,FALSE
https://www.neputa-note.net/2018/03/nakamura-fuminori.breaking-up-with-you-at-last-winter.html,https://www.neputa-note.net/entry/2018/03/30/nakamura-fuminori-breaking-up-with-you-at-last-winter,301,TRUE,FALSE,FALSE
https://www.neputa-note.net/2018/03/nakamura-fuminori.breaking-up-with-you-at-last-winter/,https://www.neputa-note.net/entry/2018/03/30/nakamura-fuminori-breaking-up-with-you-at-last-winter,301,TRUE,FALSE,FALSE
https://www.neputa-note.net/2018/03/nakamura-fuminoribreaking-up-with-you-at-last-winter/,https://www.neputa-note.net/entry/2018/03/30/nakamura-fuminori-breaking-up-with-you-at-last-winter,301,TRUE,FALSE,FALSE
https://www.neputa-note.net/2018/03/takamura-kaoru.gods-fire.html,https://www.neputa-note.net/entry/2018/03/23/takamura-kaoru-gods-fire,301,TRUE,FALSE,FALSE
https://www.neputa-note.net/2018/03/takamura-kaoru.gods-fire/,https://www.neputa-note.net/entry/2018/03/23/takamura-kaoru-gods-fire,301,TRUE,FALSE,FALSE
https://www.neputa-note.net/2018/04/kaho-nashiki.the-witch-of-the-west-died.html,https://www.neputa-note.net/entry/2018/04/04/kaho-nashiki-the-witch-of-the-west-died,301,TRUE,FALSE,FALSE
https://www.neputa-note.net/2018/04/kaho-nashiki.the-witch-of-the-west-died/,https://www.neputa-note.net/entry/2018/04/04/kaho-nashiki-the-witch-of-the-west-died,301,TRUE,FALSE,FALSE
https://www.neputa-note.net/2018/04/kaho-nashikithe-witch-of-the-west-died/,https://www.neputa-note.net/entry/2018/04/04/kaho-nashiki-the-witch-of-the-west-died,301,TRUE,FALSE,FALSE
https://www.neputa-note.net/2018/05/kenta-nishimura.hotel-of-the-culvert.html,https://www.neputa-note.net/entry/2018/05/09/kenta-nishimura-hotel-of-the-culvert,301,TRUE,FALSE,FALSE
https://www.neputa-note.net/2018/05/kenta-nishimura.hotel-of-the-culvert/,https://www.neputa-note.net/entry/2018/05/09/kenta-nishimura-hotel-of-the-culvert,301,TRUE,FALSE,FALSE
https://www.neputa-note.net/2018/05/kenta-nishimurahotel-of-the-culvert/,https://www.neputa-note.net/entry/2018/05/09/kenta-nishimura-hotel-of-the-culvert,301,TRUE,FALSE,FALSE
https://www.neputa-note.net/2018/05/nashiki-kaho.iemori-kitan.html,https://www.neputa-note.net/entry/2018/05/21/nashiki-kaho-iemori-kitan,301,TRUE,FALSE,FALSE
https://www.neputa-note.net/2018/05/nashiki-kaho.iemori-kitan/,https://www.neputa-note.net/entry/2018/05/21/nashiki-kaho-iemori-kitan,301,TRUE,FALSE,FALSE
https://www.neputa-note.net/2018/05/nashiki-kahoiemori-kitan/,https://www.neputa-note.net/entry/2018/05/21/nashiki-kaho-iemori-kitan,301,TRUE,FALSE,FALSE
https://www.neputa-note.net/2018/05/scott-turow.burden-of-proof.html,https://www.neputa-note.net/entry/2018/05/03/scott-turow-burden-of-proof,301,TRUE,FALSE,FALSE
https://www.neputa-note.net/2018/05/scott-turow.burden-of-proof/,https://www.neputa-note.net/entry/2018/05/03/scott-turow-burden-of-proof,301,TRUE,FALSE,FALSE
https://www.neputa-note.net/2018/05/scott-turowburden-of-proof/,https://www.neputa-note.net/entry/2018/05/03/scott-turow-burden-of-proof,301,TRUE,FALSE,FALSE
https://www.neputa-note.net/2018/06/miyamoto-tsuneichi.people-live-in-the-mountains.html,https://www.neputa-note.net/entry/2018/06/01/miyamoto-tsuneichi-people-live-in-the-mountains,301,TRUE,FALSE,FALSE
https://www.neputa-note.net/2018/06/miyamoto-tsuneichi.people-live-in-the-mountains/,https://www.neputa-note.net/entry/2018/06/01/miyamoto-tsuneichi-people-live-in-the-mountains,301,TRUE,FALSE,FALSE
https://www.neputa-note.net/2018/06/miyamoto-tsuneichipeople-live-in-the-mountains/,https://www.neputa-note.net/entry/2018/06/01/miyamoto-tsuneichi-people-live-in-the-mountains,301,TRUE,FALSE,FALSE
https://www.neputa-note.net/2018/06/syudou-urio.brain-man-2.html,https://www.neputa-note.net/entry/2018/06/09/syudou-urio-brain-man-2,301,TRUE,FALSE,FALSE
https://www.neputa-note.net/2018/06/syudou-urio.brain-man-2/,https://www.neputa-note.net/entry/2018/06/09/syudou-urio-brain-man-2,301,TRUE,FALSE,FALSE
https://www.neputa-note.net/2018/06/syudou-uriobrain-man-2/,https://www.neputa-note.net/entry/2018/06/09/syudou-urio-brain-man-2,301,TRUE,FALSE,FALSE
https://www.neputa-note.net/2018/06/syudou-urio.brain-man.html,https://www.neputa-note.net/entry/2018/06/02/syudou-urio-brain-man,301,TRUE,FALSE,FALSE
https://www.neputa-note.net/2018/06/syudou-urio.brain-man/,https://www.neputa-note.net/entry/2018/06/02/syudou-urio-brain-man,301,TRUE,FALSE,FALSE
https://www.neputa-note.net/2018/06/syudou-uriobrain-man/,https://www.neputa-note.net/entry/2018/06/02/syudou-urio-brain-man,301,TRUE,FALSE,FALSE
https://www.neputa-note.net/2018/07/boston-teran.giv-the-story-of-a-dog-and-america.html,https://www.neputa-note.net/entry/2018/07/22/boston-teran-giv-the-story-of-a-dog-and-america,301,TRUE,FALSE,FALSE
https://www.neputa-note.net/2018/07/boston-teran.giv-the-story-of-a-dog-and-america/,https://www.neputa-note.net/entry/2018/07/22/boston-teran-giv-the-story-of-a-dog-and-america,301,TRUE,FALSE,FALSE
https://www.neputa-note.net/2018/07/boston-terangiv-the-story-of-a-dog-and-america/,https://www.neputa-note.net/entry/2018/07/22/boston-teran-giv-the-story-of-a-dog-and-america,301,TRUE,FALSE,FALSE
https://www.neputa-note.net/2018/07/minato-kanae.utopia.html,https://www.neputa-note.net/entry/2018/07/27/minato-kanae-utopia,301,TRUE,FALSE,FALSE
https://www.neputa-note.net/2018/07/minato-kanae.utopia/,https://www.neputa-note.net/entry/2018/07/27/minato-kanae-utopia,301,TRUE,FALSE,FALSE
https://www.neputa-note.net/2018/07/minato-kanaeutopia/,https://www.neputa-note.net/entry/2018/07/27/minato-kanae-utopia,301,TRUE,FALSE,FALSE
https://www.neputa-note.net/2018/07/nagatsuka-yasuyuki.eastern-europe-football-chronicle.html,https://www.neputa-note.net/entry/2018/07/20/nagatsuka-yasuyuki-eastern-europe-football-chronicle,301,TRUE,FALSE,FALSE
https://www.neputa-note.net/2018/07/nagatsuka-yasuyuki.eastern-europe-football-chronicle/,https://www.neputa-note.net/entry/2018/07/20/nagatsuka-yasuyuki-eastern-europe-football-chronicle,301,TRUE,FALSE,FALSE
https://www.neputa-note.net/2018/07/nagatsuka-yasuyukieastern-europe-football-chronicle/,https://www.neputa-note.net/entry/2018/07/20/nagatsuka-yasuyuki-eastern-europe-football-chronicle,301,TRUE,FALSE,FALSE
https://www.neputa-note.net/2018/08/somerset-maugham.ashenden.html,https://www.neputa-note.net/entry/2018/08/30/somerset-maugham-ashenden,301,TRUE,FALSE,FALSE
https://www.neputa-note.net/2018/08/somerset-maugham.ashenden/,https://www.neputa-note.net/entry/2018/08/30/somerset-maugham-ashenden,301,TRUE,FALSE,FALSE
https://www.neputa-note.net/2018/08/somerset-maughamashenden/,https://www.neputa-note.net/entry/2018/08/30/somerset-maugham-ashenden,301,TRUE,FALSE,FALSE
https://www.neputa-note.net/2019/10/shino-sakuragi.tundra.html,https://www.neputa-note.net/entry/2019/10/02/shino-sakuragi-tundra,301,TRUE,FALSE,FALSE
https://www.neputa-note.net/2019/10/shino-sakuragi.tundra/,https://www.neputa-note.net/entry/2019/10/02/shino-sakuragi-tundra,301,TRUE,FALSE,FALSE
https://www.neputa-note.net/2019/10/shino-sakuragitundra/,https://www.neputa-note.net/entry/2019/10/02/shino-sakuragi-tundra,301,TRUE,FALSE,FALSE
https://www.neputa-note.net/2020/10/orange-is-the-new-black.html,https://www.neputa-note.net/entry/2016/06/26/orange-is-the-new-black,301,TRUE,FALSE,FALSE
https://www.neputa-note.net/2020/10/orange-is-the-new-black/,https://www.neputa-note.net/entry/2016/06/26/orange-is-the-new-black,301,TRUE,FALSE,FALSE
https://www.neputa-note.net/2020/11/nakawaki-hatsue.kimiha-iiko.html,https://www.neputa-note.net/entry/2020/11/09/nakawaki-hatsue-kimiha-iiko,301,TRUE,FALSE,FALSE
https://www.neputa-note.net/2020/11/nakawaki-hatsue.kimiha-iiko/,https://www.neputa-note.net/entry/2020/11/09/nakawaki-hatsue-kimiha-iiko,301,TRUE,FALSE,FALSE
https://www.neputa-note.net/2020/11/nakawaki-hatsuekimiha-iiko/,https://www.neputa-note.net/entry/2020/11/09/nakawaki-hatsue-kimiha-iiko,301,TRUE,FALSE,FALSE
https://www.neputa-note.net/2021/06/ashitano-tarinai-futari.html,https://www.neputa-note.net/entry/2021/06/14/tarinaifutari,301,TRUE,FALSE,FALSE
https://www.neputa-note.net/2021/06/ashitano-tarinai-futari/,https://www.neputa-note.net/entry/2021/06/14/tarinaifutari,301,TRUE,FALSE,FALSE
https://www.neputa-note.net/2021/08/foresee-death.html,https://www.neputa-note.net/entry/2021/08/07/thinkinghabits,301,TRUE,FALSE,FALSE
https://www.neputa-note.net/2021/08/foresee-death/,https://www.neputa-note.net/entry/2021/08/07/thinkinghabits,301,TRUE,FALSE,FALSE
https://www.neputa-note.net/2021/08/thinking-habits.html,https://www.neputa-note.net/entry/2021/08/07/thinkinghabits,301,TRUE,FALSE,FALSE
https://www.neputa-note.net/2021/08/our-girl-a.html,https://www.neputa-note.net/entry/2021/08/27/ourgirla,301,TRUE,FALSE,FALSE
https://www.neputa-note.net/2021/08/our-girl-a.kaoru-takamura.html,https://www.neputa-note.net/entry/2021/08/27/ourgirla,301,TRUE,FALSE,FALSE
https://www.neputa-note.net/2021/08/our-girl-a.kaoru-takamura/,https://www.neputa-note.net/entry/2021/08/27/ourgirla,301,TRUE,FALSE,FALSE
https://www.neputa-note.net/2021/08/our-girl-a/,https://www.neputa-note.net/entry/2021/08/27/ourgirla,301,TRUE,FALSE,FALSE
https://www.neputa-note.net/2021/08/tarinaifutari.html,https://www.neputa-note.net/entry/2021/06/14/tarinaifutari,301,TRUE,FALSE,FALSE
https://www.neputa-note.net/2021/08/tarinaifutari/,https://www.neputa-note.net/entry/2021/06/14/tarinaifutari,301,TRUE,FALSE,FALSE
https://www.neputa-note.net/2021/09/blog-post_22.html,https://www.neputa-note.net/entry/2021/09/22/blogpost22,301,TRUE,FALSE,FALSE
https://www.neputa-note.net/2021/09/blog-post_22/,https://www.neputa-note.net/entry/2021/09/22/blogpost22,301,TRUE,FALSE,FALSE
https://www.neputa-note.net/2021/09/ferdinandvonschirach.html,https://www.neputa-note.net/entry/2021/09/08/ferdinand-von-schirach,301,TRUE,FALSE,FALSE
https://www.neputa-note.net/2021/09/ferdinandvonschirach/,https://www.neputa-note.net/entry/2021/09/08/ferdinand-von-schirach,301,TRUE,FALSE,FALSE
https://www.neputa-note.net/2021/11/ferdinand-von-schirach.html,https://www.neputa-note.net/entry/2021/09/08/ferdinand-von-schirach,301,TRUE,FALSE,FALSE
https://www.neputa-note.net/2021/11/ferdinand-von-schirach/,https://www.neputa-note.net/entry/2021/09/08/ferdinand-von-schirach,301,TRUE,FALSE,FALSE
https://www.neputa-note.net/2022/01/onethird-newversion-1.1.html,https://www.neputa-note.net/entry/2022/01/16/onethird-newversion-1-1,301,TRUE,FALSE,FALSE
https://www.neputa-note.net/2022/01/onethird-newversion-1.1/,https://www.neputa-note.net/entry/2022/01/16/onethird-newversion-1-1,301,TRUE,FALSE,FALSE
https://www.neputa-note.net/2022/01/onethird-newversion-11/,https://www.neputa-note.net/entry/2022/01/16/onethird-newversion-1-1,301,TRUE,FALSE,FALSE
https://www.neputa-note.net/2024/03/%20family-farewell.html,https://www.neputa-note.net/entry/2024/03/22/family-farewell,301,TRUE,FALSE,FALSE
https://www.neputa-note.net/2024/03/%20family-farewell/,https://www.neputa-note.net/entry/2024/03/22/family-farewell,301,TRUE,FALSE,FALSE
https://www.neputa-note.net/p/contact_30.html,https://www.neputa-note.net/p/contact/,301,TRUE,FALSE,FALSE
https://www.neputa-note.net/p/contact_30/,https://www.neputa-note.net/p/contact/,301,TRUE,FALSE,FALSE
https://www.neputa-note.net/p/privacy-policy-neputa-note.html,https://www.neputa-note.net/p/privacy-policy/,301,TRUE,FALSE,FALSE
https://www.neputa-note.net/p/privacy-policy-neputa-note/,https://www.neputa-note.net/p/privacy-policy/,301,TRUE,FALSE,FALSE
https://www.neputa-note.net/2020/08/HarariYuvalNoah-ABriefHistoryofHumankind.html,https://www.neputa-note.net/entry/2020/08/26/harariyuvalnoah-abriefhistoryofhumankind,301,TRUE,FALSE,FALSE
https://www.neputa-note.net/2020/08/HarariYuvalNoah-ABriefHistoryofHumankind/,https://www.neputa-note.net/entry/2020/08/26/harariyuvalnoah-abriefhistoryofhumankind,301,TRUE,FALSE,FALSE
https://www.neputa-note.net/2020/09/film-joker.html,https://www.neputa-note.net/entry/2019/11/17/film-joker,301,TRUE,FALSE,FALSE
https://www.neputa-note.net/2020/09/the-otherside-of-hope.html,https://www.neputa-note.net/entry/2018/02/15/the-otherside-of-hope,301,TRUE,FALSE,FALSE
https://www.neputa-note.net/2020/09/the-otherside-of-hope/,https://www.neputa-note.net/entry/2018/02/15/the-otherside-of-hope,301,TRUE,FALSE,FALSE
https://www.neputa-note.net/2021/08/abelchristo.html,https://www.neputa-note.net/entry/2017/04/02/abelchristo,301,TRUE,FALSE,FALSE
https://www.neputa-note.net/2021/08/abelchristo/,https://www.neputa-note.net/entry/2017/04/02/abelchristo,301,TRUE,FALSE,FALSE
https://www.neputa-note.net/2010/03/hahakigi-hosei-closed-ward/,https://www.neputa-note.net/entry/2010/03/09/hahakigi-hosei-closed-ward,301,TRUE,FALSE,FALSE
https://www.neputa-note.net/2011/03/motohashi-seiichi-slaughterhouse/,https://www.neputa-note.net/entry/2011/03/12/motohashi-seiichi-slaughterhouse,301,TRUE,FALSE,FALSE
https://www.neputa-note.net/2011/05/emergency-call-from-etrov/,https://www.neputa-note.net/entry/2011/05/06/emergency-call-from-etrov,301,TRUE,FALSE,FALSE
https://www.neputa-note.net/2011/10/hahakigi-hosei-escape/,https://www.neputa-note.net/entry/2011/10/10/hahakigi-hosei-escape,301,TRUE,FALSE,FALSE
https://www.neputa-note.net/2013/01/takamura-kaoru-cold-blood/,https://www.neputa-note.net/entry/2013/01/27/takamura-kaoru-cold-blood,301,TRUE,FALSE,FALSE
https://www.neputa-note.net/2014/11/hahakigi-hosei-anraku-ward/,https://www.neputa-note.net/entry/2014/11/29/hahakigi-hosei-anraku-ward,301,TRUE,FALSE,FALSE
https://www.neputa-note.net/2014/11/hahakigi-hosei-embrio/,https://www.neputa-note.net/entry/2014/11/22/hahakigi-hosei-embrio,301,TRUE,FALSE,FALSE
https://www.neputa-note.net/2014/11/hahakigi-hosei-intersex/,https://www.neputa-note.net/entry/2014/11/15/hahakigi-hosei-intersex,301,TRUE,FALSE,FALSE
https://www.neputa-note.net/2014/11/hahakigi-hosei-the-darkness-of-the-rose-window/,https://www.neputa-note.net/entry/2014/11/08/hahakigi-hosei-the-darkness-of-the-rose-window,301,TRUE,FALSE,FALSE
https://www.neputa-note.net/2014/12/blog-post_24/,https://www.neputa-note.net/entry/2014/12/26/blog-post_24,301,TRUE,FALSE,FALSE
https://www.neputa-note.net/2014/12/blog-post_28/,https://www.neputa-note.net/entry/2014/12/28/blog-post_28,301,TRUE,FALSE,FALSE
https://www.neputa-note.net/2014/12/finalvent/,https://www.neputa-note.net/entry/2014/12/23/finalvent,301,TRUE,FALSE,FALSE
https://www.neputa-note.net/2014/12/uehashi-nahoko-the-beast-player/,https://www.neputa-note.net/entry/2014/12/22/uehashi-nahoko-the-beast-player,301,TRUE,FALSE,FALSE
https://www.neputa-note.net/2015/01/blog-post/,https://www.neputa-note.net/entry/2015/01/03/blog-post,301,TRUE,FALSE,FALSE
https://www.neputa-note.net/2015/01/blog-post_10/,https://www.neputa-note.net/entry/2015/01/10/blog-post_10,301,TRUE,FALSE,FALSE
https://www.neputa-note.net/2015/01/blog-post_12/,https://www.neputa-note.net/entry/2015/01/12/blog-post_12,301,TRUE,FALSE,FALSE
https://www.neputa-note.net/2015/01/blog-post_15/,https://www.neputa-note.net/entry/2015/01/15/blog-post_15,301,TRUE,FALSE,FALSE
https://www.neputa-note.net/2015/01/blog-post_19/,https://www.neputa-note.net/entry/2015/01/19/blog-post_19,301,TRUE,FALSE,FALSE
https://www.neputa-note.net/2015/01/blog-post_21/,https://www.neputa-note.net/entry/2015/01/21/blog-post_21,301,TRUE,FALSE,FALSE
https://www.neputa-note.net/2015/01/blog-post_23/,https://www.neputa-note.net/entry/2015/01/23/blog-post_23,301,TRUE,FALSE,FALSE
https://www.neputa-note.net/2015/01/blog-post_27/,https://www.neputa-note.net/entry/2015/01/27/blog-post_27,301,TRUE,FALSE,FALSE
https://www.neputa-note.net/2015/01/blog-post_5/,https://www.neputa-note.net/entry/2015/01/05/blog-post_5,301,TRUE,FALSE,FALSE
https://www.neputa-note.net/2015/01/blog-post_8/,https://www.neputa-note.net/entry/2015/01/08/blog-post_8,301,TRUE,FALSE,FALSE
https://www.neputa-note.net/2015/01/blog-post_9/,https://www.neputa-note.net/entry/2015/01/09/blog-post_9,301,TRUE,FALSE,FALSE
https://www.neputa-note.net/2015/01/nhk/,https://www.neputa-note.net/entry/2015/01/20/nhk,301,TRUE,FALSE,FALSE
https://www.neputa-note.net/2015/01/web/,https://www.neputa-note.net/entry/2015/01/11/web,301,TRUE,FALSE,FALSE
https://www.neputa-note.net/2015/02/blog-post_10/,https://www.neputa-note.net/entry/2015/02/10/blog-post_10,301,TRUE,FALSE,FALSE
https://www.neputa-note.net/2015/02/blog-post_17/,https://www.neputa-note.net/entry/2015/02/17/blog-post_17,301,TRUE,FALSE,FALSE
https://www.neputa-note.net/2015/02/blog-post_19/,https://www.neputa-note.net/entry/2015/02/19/blog-post_19,301,TRUE,FALSE,FALSE
https://www.neputa-note.net/2015/02/blog-post_2/,https://www.neputa-note.net/entry/2015/02/02/blog-post_2,301,TRUE,FALSE,FALSE
https://www.neputa-note.net/2015/02/blog-post_27/,https://www.neputa-note.net/entry/2015/02/27/blog-post_27,301,TRUE,FALSE,FALSE
https://www.neputa-note.net/2015/02/blog-post_4/,https://www.neputa-note.net/entry/2015/02/04/blog-post_4,301,TRUE,FALSE,FALSE
https://www.neputa-note.net/2015/02/blog-post_45/,https://www.neputa-note.net/entry/2015/02/19/blog-post_45,301,TRUE,FALSE,FALSE
https://www.neputa-note.net/2015/02/blog-post_5/,https://www.neputa-note.net/entry/2015/02/05/blog-post_5,301,TRUE,FALSE,FALSE
https://www.neputa-note.net/2015/02/do-androids-dream-of-electric-sheep/,https://www.neputa-note.net/entry/2015/02/04/do-androids-dream-of-electric-sheep,301,TRUE,FALSE,FALSE
https://www.neputa-note.net/2015/02/inoue-yasushi-tenpyo-no-iraka/,https://www.neputa-note.net/entry/2015/02/21/inoue-yasushi-tenpyo-no-iraka,301,TRUE,FALSE,FALSE
https://www.neputa-note.net/2015/03/blog-post/,https://www.neputa-note.net/entry/2015/03/03/blog-post,301,TRUE,FALSE,FALSE
https://www.neputa-note.net/2015/03/blog-post_22/,https://www.neputa-note.net/entry/2015/03/22/blog-post_22,301,TRUE,FALSE,FALSE
https://www.neputa-note.net/2015/03/blog-post_25/,https://www.neputa-note.net/entry/2015/03/25/blog-post_25,301,TRUE,FALSE,FALSE
https://www.neputa-note.net/2015/03/kazuo-ishiguro-dont-let-me-go/,https://www.neputa-note.net/entry/2015/03/14/kazuo-ishiguro-dont-let-me-go,301,TRUE,FALSE,FALSE
https://www.neputa-note.net/2015/03/nakamura-fuminori-cult-x/,https://www.neputa-note.net/entry/2015/03/09/nakamura-fuminori-cult-x,301,TRUE,FALSE,FALSE
https://www.neputa-note.net/2015/04/blog-post/,https://www.neputa-note.net/entry/2015/04/01/blog-post,301,TRUE,FALSE,FALSE
https://www.neputa-note.net/2015/04/blog-post_17/,https://www.neputa-note.net/entry/2015/04/17/blog-post_17,301,TRUE,FALSE,FALSE
https://www.neputa-note.net/2015/04/blog-post_21/,https://www.neputa-note.net/entry/2015/04/21/blog-post_21,301,TRUE,FALSE,FALSE
https://www.neputa-note.net/2015/04/blog-post_26/,https://www.neputa-note.net/entry/2015/04/26/blog-post_26,301,TRUE,FALSE,FALSE
https://www.neputa-note.net/2015/04/blog-post_27/,https://www.neputa-note.net/entry/2015/04/27/blog-post_27,301,TRUE,FALSE,FALSE
https://www.neputa-note.net/2015/04/takamura-kaoru-haruko-emotional-song/,https://www.neputa-note.net/entry/2015/04/14/takamura-kaoru-haruko-emotional-song,301,TRUE,FALSE,FALSE
https://www.neputa-note.net/2015/05/blog-post/,https://www.neputa-note.net/entry/2015/05/01/blog-post,301,TRUE,FALSE,FALSE
https://www.neputa-note.net/2015/05/blog-post_20/,https://www.neputa-note.net/entry/2015/05/20/blog-post_20,301,TRUE,FALSE,FALSE
https://www.neputa-note.net/2015/05/blog-post_29/,https://www.neputa-note.net/entry/2015/05/29/blog-post_29,301,TRUE,FALSE,FALSE
https://www.neputa-note.net/2015/05/fuminori-nakamura-children-in-the-soil/,https://www.neputa-note.net/entry/2015/05/03/fuminori-nakamura-children-in-the-soil,301,TRUE,FALSE,FALSE
https://www.neputa-note.net/2015/05/ja/,https://www.neputa-note.net/entry/2015/05/13/ja,301,TRUE,FALSE,FALSE
https://www.neputa-note.net/2015/06/blog-post/,https://www.neputa-note.net/entry/2015/06/03/blog-post,301,TRUE,FALSE,FALSE
https://www.neputa-note.net/2015/08/takamura-kaoru-new-rear-king/,https://www.neputa-note.net/entry/2015/08/12/takamura-kaoru-new-rear-king,301,TRUE,FALSE,FALSE
https://www.neputa-note.net/2015/08/yang-ik-june/,https://www.neputa-note.net/entry/2015/08/19/yang-ik-june,301,TRUE,FALSE,FALSE
https://www.neputa-note.net/2015/11/blog-post_4/,https://www.neputa-note.net/entry/2015/11/04/blog-post_4,301,TRUE,FALSE,FALSE
https://www.neputa-note.net/2015/11/takamura-kaoru-horse-pulling-the-sun/,https://www.neputa-note.net/entry/2015/11/02/takamura-kaoru-horse-pulling-the-sun,301,TRUE,FALSE,FALSE
https://www.neputa-note.net/2015/11/takamura-kaoru-marks-mountain/,https://www.neputa-note.net/entry/2015/11/02/takamura-kaoru-marks-mountain,301,TRUE,FALSE,FALSE
https://www.neputa-note.net/2016/01/blog-post/,https://www.neputa-note.net/entry/2016/01/12/blog-post,301,TRUE,FALSE,FALSE
https://www.neputa-note.net/2016/01/blog-post_29/,https://www.neputa-note.net/entry/2016/01/29/blog-post_29,301,TRUE,FALSE,FALSE
https://www.neputa-note.net/2016/01/blog-post_30/,https://www.neputa-note.net/entry/2016/01/30/blog-post_30,301,TRUE,FALSE,FALSE
https://www.neputa-note.net/2016/01/blog-post_31/,https://www.neputa-note.net/entry/2016/01/18/blog-post_31,301,TRUE,FALSE,FALSE
https://www.neputa-note.net/2016/02/blog-post/,https://www.neputa-note.net/entry/2016/02/05/blog-post,301,TRUE,FALSE,FALSE
https://www.neputa-note.net/2016/02/blog-post_11/,https://www.neputa-note.net/entry/2016/02/11/blog-post_11,301,TRUE,FALSE,FALSE
https://www.neputa-note.net/2016/02/blog-post_16/,https://www.neputa-note.net/entry/2016/02/16/blog-post_16,301,TRUE,FALSE,FALSE
https://www.neputa-note.net/2016/02/blog-post_23/,https://www.neputa-note.net/entry/2016/02/23/blog-post_23,301,TRUE,FALSE,FALSE
https://www.neputa-note.net/2016/02/blog-post_26/,https://www.neputa-note.net/entry/2016/02/26/blog-post_26,301,TRUE,FALSE,FALSE
https://www.neputa-note.net/2016/02/blog-post_7/,https://www.neputa-note.net/entry/2016/02/07/blog-post_7,301,TRUE,FALSE,FALSE
https://www.neputa-note.net/2016/03/blog-post/,https://www.neputa-note.net/entry/2016/03/02/blog-post,301,TRUE,FALSE,FALSE
https://www.neputa-note.net/2016/03/blog-post_23/,https://www.neputa-note.net/entry/2016/03/23/blog-post_23,301,TRUE,FALSE,FALSE
https://www.neputa-note.net/2016/03/blog-post_26/,https://www.neputa-note.net/entry/2016/03/26/blog-post_26,301,TRUE,FALSE,FALSE
https://www.neputa-note.net/2016/04/blog-post/,https://www.neputa-note.net/entry/2016/04/20/blog-post,301,TRUE,FALSE,FALSE
https://www.neputa-note.net/2016/04/blog-post_25/,https://www.neputa-note.net/entry/2016/04/25/blog-post_25,301,TRUE,FALSE,FALSE
https://www.neputa-note.net/2016/04/nifty-flets/,https://www.neputa-note.net/entry/2016/04/05/nifty-flets,301,TRUE,FALSE,FALSE
https://www.neputa-note.net/2016/05/blog-post/,https://www.neputa-note.net/entry/2016/05/12/blog-post,301,TRUE,FALSE,FALSE
https://www.neputa-note.net/2016/05/blog-post_24/,https://www.neputa-note.net/entry/2016/05/24/blog-post_24,301,TRUE,FALSE,FALSE
https://www.neputa-note.net/2016/05/blog-post_30/,https://www.neputa-note.net/entry/2016/05/30/blog-post_30,301,TRUE,FALSE,FALSE
https://www.neputa-note.net/2016/06/blog-post/,https://www.neputa-note.net/entry/2016/06/02/blog-post,301,TRUE,FALSE,FALSE
https://www.neputa-note.net/2016/06/blog-post_3/,https://www.neputa-note.net/entry/2016/06/03/blog-post_3,301,TRUE,FALSE,FALSE
https://www.neputa-note.net/2016/06/blog-post_7/,https://www.neputa-note.net/entry/2016/06/07/blog-post_7,301,TRUE,FALSE,FALSE
https://www.neputa-note.net/2016/06/i-am-a-hero/,https://www.neputa-note.net/entry/2016/06/02/i-am-a-hero,301,TRUE,FALSE,FALSE
https://www.neputa-note.net/2016/06/ja/,https://www.neputa-note.net/entry/2016/06/27/ja,301,TRUE,FALSE,FALSE
https://www.neputa-note.net/2016/06/orange-is-the-new-black/,https://www.neputa-note.net/entry/2016/06/26/orange-is-the-new-black,301,TRUE,FALSE,FALSE
https://www.neputa-note.net/2016/07/blog-post/,https://www.neputa-note.net/entry/2016/07/02/blog-post,301,TRUE,FALSE,FALSE
https://www.neputa-note.net/2016/08/netflix-drama-2016/,https://www.neputa-note.net/entry/2016/08/03/netflix-drama-2016,301,TRUE,FALSE,FALSE
https://www.neputa-note.net/2016/10/0/,https://www.neputa-note.net/entry/2016/10/09/0,301,TRUE,FALSE,FALSE
https://www.neputa-note.net/2016/10/about-recent-reading/,https://www.neputa-note.net/entry/2016/10/06/about-recent-reading,301,TRUE,FALSE,FALSE
https://www.neputa-note.net/2016/10/blog-post_23/,https://www.neputa-note.net/entry/2016/10/23/blog-post_23,301,TRUE,FALSE,FALSE
https://www.neputa-note.net/2016/10/blog-post_27/,https://www.neputa-note.net/entry/2016/10/27/blog-post_27,301,TRUE,FALSE,FALSE
https://www.neputa-note.net/2016/10/kindle/,https://www.neputa-note.net/entry/2016/10/11/kindle,301,TRUE,FALSE,FALSE
https://www.neputa-note.net/2016/10/sf-p/,https://www.neputa-note.net/entry/2016/10/17/sf-p,301,TRUE,FALSE,FALSE
https://www.neputa-note.net/2016/11/blog-post/,https://www.neputa-note.net/entry/2016/11/03/blog-post,301,TRUE,FALSE,FALSE
https://www.neputa-note.net/2016/11/blog-post_12/,https://www.neputa-note.net/entry/2016/11/12/blog-post_12,301,TRUE,FALSE,FALSE
https://www.neputa-note.net/2016/11/epi/,https://www.neputa-note.net/entry/2016/11/15/epi,301,TRUE,FALSE,FALSE
https://www.neputa-note.net/2016/12/epi/,https://www.neputa-note.net/entry/2016/12/05/epi,301,TRUE,FALSE,FALSE
https://www.neputa-note.net/2017/01/blog-post/,https://www.neputa-note.net/entry/2017/01/21/blog-post,301,TRUE,FALSE,FALSE
https://www.neputa-note.net/2017/01/blog-post_24/,https://www.neputa-note.net/entry/2017/01/24/blog-post_24,301,TRUE,FALSE,FALSE
https://www.neputa-note.net/2017/01/epi/,https://www.neputa-note.net/entry/2017/01/07/epi,301,TRUE,FALSE,FALSE
https://www.neputa-note.net/2017/02/blog-post/,https://www.neputa-note.net/entry/2017/02/01/blog-post,301,TRUE,FALSE,FALSE
https://www.neputa-note.net/2017/02/blog-post_15/,https://www.neputa-note.net/entry/2017/02/15/blog-post_15,301,TRUE,FALSE,FALSE
https://www.neputa-note.net/2017/02/blog-post_23/,https://www.neputa-note.net/entry/2017/02/23/blog-post_23,301,TRUE,FALSE,FALSE
https://www.neputa-note.net/2017/03/blog-post/,https://www.neputa-note.net/entry/2017/03/29/blog-post,301,TRUE,FALSE,FALSE
https://www.neputa-note.net/2017/03/blog-post_27/,https://www.neputa-note.net/entry/2017/03/13/blog-post_27,301,TRUE,FALSE,FALSE
https://www.neputa-note.net/2017/03/ja/,https://www.neputa-note.net/entry/2017/03/23/ja,301,TRUE,FALSE,FALSE
https://www.neputa-note.net/2017/04/2/,https://www.neputa-note.net/entry/2017/04/07/2,301,TRUE,FALSE,FALSE
https://www.neputa-note.net/2017/04/abelchristo/,https://www.neputa-note.net/entry/2017/04/02/abelchristo,301,TRUE,FALSE,FALSE
https://www.neputa-note.net/2017/04/blog-post_23/,https://www.neputa-note.net/entry/2017/04/23/blog-post_23,301,TRUE,FALSE,FALSE
https://www.neputa-note.net/2017/04/blog-post_29/,https://www.neputa-note.net/entry/2017/04/16/blog-post_29,301,TRUE,FALSE,FALSE
https://www.neputa-note.net/2017/05/blog-post/,https://www.neputa-note.net/entry/2017/05/15/blog-post,301,TRUE,FALSE,FALSE
https://www.neputa-note.net/2017/06/blog-post/,https://www.neputa-note.net/entry/2017/06/27/blog-post,301,TRUE,FALSE,FALSE
https://www.neputa-note.net/2017/06/q/,https://www.neputa-note.net/entry/2017/06/21/q,301,TRUE,FALSE,FALSE
https://www.neputa-note.net/2017/07/amazon-kindle-honto/,https://www.neputa-note.net/entry/2017/07/09/amazon-kindle-honto,301,TRUE,FALSE,FALSE
https://www.neputa-note.net/2017/07/jyu-nakamura-fuminori/,https://www.neputa-note.net/entry/2017/07/28/jyu-nakamura-fuminori,301,TRUE,FALSE,FALSE
https://www.neputa-note.net/2017/08/blog-post/,https://www.neputa-note.net/entry/2017/08/22/blog-post,301,TRUE,FALSE,FALSE
https://www.neputa-note.net/2017/08/long-wonderful-and-depressing-day-makoto-siina/,https://www.neputa-note.net/entry/2017/08/06/long-wonderful-and-depressing-day-makoto-siina,301,TRUE,FALSE,FALSE
https://www.neputa-note.net/2017/08/themoon-and-sixpence/,https://www.neputa-note.net/entry/2017/08/26/themoon-and-sixpence,301,TRUE,FALSE,FALSE
https://www.neputa-note.net/2017/09/hemingway-oldman-and-sea/,https://www.neputa-note.net/entry/2017/09/21/hemingway-oldman-and-sea,301,TRUE,FALSE,FALSE
https://www.neputa-note.net/2017/09/labyrinth-fuminori-nakamura/,https://www.neputa-note.net/entry/2017/09/18/labyrinth-fuminori-nakamura,301,TRUE,FALSE,FALSE
https://www.neputa-note.net/2017/09/sakuragi-shino-daremoinai-yorunisaku/,https://www.neputa-note.net/entry/2017/09/28/sakuragi-shino-daremoinai-yorunisaku,301,TRUE,FALSE,FALSE
https://www.neputa-note.net/2017/10/hideki-shibuya-invitation-to-constitution/,https://www.neputa-note.net/entry/2017/10/24/hideki-shibuya-invitation-to-constitution,301,TRUE,FALSE,FALSE
https://www.neputa-note.net/2017/10/sakuragi-shino-hotel-royal/,https://www.neputa-note.net/entry/2017/10/02/sakuragi-shino-hotel-royal,301,TRUE,FALSE,FALSE
https://www.neputa-note.net/2017/10/scott-turow-presumptuous/,https://www.neputa-note.net/entry/2017/10/30/scott-turow-presumptuous,301,TRUE,FALSE,FALSE
https://www.neputa-note.net/2017/11/jussi-adler-olsen-message-from-p/,https://www.neputa-note.net/entry/2017/11/19/jussi-adler-olsen-message-from-p,301,TRUE,FALSE,FALSE
https://www.neputa-note.net/2017/11/kakine-ryosuke-wild-soul/,https://www.neputa-note.net/entry/2017/11/26/kakine-ryosuke-wild-soul,301,TRUE,FALSE,FALSE
https://www.neputa-note.net/2017/11/sakuragi-shino-terminal/,https://www.neputa-note.net/entry/2017/11/04/sakuragi-shino-terminal,301,TRUE,FALSE,FALSE
https://www.neputa-note.net/2017/11/tetsuzo-fukuzawa-i-turn/,https://www.neputa-note.net/entry/2017/11/08/tetsuzo-fukuzawa-i-turn,301,TRUE,FALSE,FALSE
https://www.neputa-note.net/2017/11/tetsuzo-fukuzawa-sujibori/,https://www.neputa-note.net/entry/2017/11/12/tetsuzo-fukuzawa-sujibori,301,TRUE,FALSE,FALSE
https://www.neputa-note.net/2017/12/miyabe-miyuki-reason/,https://www.neputa-note.net/entry/2017/12/08/miyabe-miyuki-reason,301,TRUE,FALSE,FALSE
https://www.neputa-note.net/2017/12/my-best-books-2017/,https://www.neputa-note.net/entry/2017/12/25/my-best-books-2017,301,TRUE,FALSE,FALSE
https://www.neputa-note.net/2017/12/stieg-larsson-millennium1-girl-with-dragontattoo/,https://www.neputa-note.net/entry/2017/12/20/stieg-larsson-millennium1-girl-with-dragontattoo,301,TRUE,FALSE,FALSE
https://www.neputa-note.net/2017/12/stieg-larsson-millennium2-girl-who-played-with-fire/,https://www.neputa-note.net/entry/2017/12/29/stieg-larsson-millennium2-girl-who-played-with-fire,301,TRUE,FALSE,FALSE
https://www.neputa-note.net/2017/12/yo-kusakabe-painless/,https://www.neputa-note.net/entry/2017/12/01/yo-kusakabe-painless,301,TRUE,FALSE,FALSE
https://www.neputa-note.net/2018/01/books-about-mountain/,https://www.neputa-note.net/entry/2018/01/02/books-about-mountain,301,TRUE,FALSE,FALSE
https://www.neputa-note.net/2018/01/clare-kipps-sold-for-a-farthing/,https://www.neputa-note.net/entry/2018/01/16/clare-kipps-sold-for-a-farthing,301,TRUE,FALSE,FALSE
https://www.neputa-note.net/2018/01/michael-bar-zohar-mossad-file/,https://www.neputa-note.net/entry/2018/01/30/michael-bar-zohar-mossad-file,301,TRUE,FALSE,FALSE
https://www.neputa-note.net/2018/01/nashiki-kaho-when-spring-comes-to-pick-strawberries/,https://www.neputa-note.net/entry/2018/01/28/nashiki-kaho-when-spring-comes-to-pick-strawberries,301,TRUE,FALSE,FALSE
https://www.neputa-note.net/2018/01/stieg-larsson-millennium3-girl-who-kicked-hornets-nest/,https://www.neputa-note.net/entry/2018/01/10/stieg-larsson-millennium3-girl-who-kicked-hornets-nest,301,TRUE,FALSE,FALSE
https://www.neputa-note.net/2018/02/boris-vian-lecume-des-jours/,https://www.neputa-note.net/entry/2018/02/22/boris-vian-lecume-des-jours,301,TRUE,FALSE,FALSE
https://www.neputa-note.net/2018/02/creatures-living-in-the-mountains/,https://www.neputa-note.net/entry/2018/02/12/creatures-living-in-the-mountains,301,TRUE,FALSE,FALSE
https://www.neputa-note.net/2018/02/mamiya-yuriko-four-men-traveling-in-keigo/,https://www.neputa-note.net/entry/2018/02/13/mamiya-yuriko-four-men-traveling-in-keigo,301,TRUE,FALSE,FALSE
https://www.neputa-note.net/2018/02/the-otherside-of-hope/,https://www.neputa-note.net/entry/2018/02/15/the-otherside-of-hope,301,TRUE,FALSE,FALSE
https://www.neputa-note.net/2018/02/yo-kusakabe-haiyo-shin/,https://www.neputa-note.net/entry/2018/02/02/yo-kusakabe-haiyo-shin,301,TRUE,FALSE,FALSE
https://www.neputa-note.net/2018/03/hahakigi-hosei-suijin/,https://www.neputa-note.net/entry/2018/03/12/hahakigi-hosei-suijin,301,TRUE,FALSE,FALSE
https://www.neputa-note.net/2018/03/nakamura-fuminori-breaking-up-with-you-at-last-winter/,https://www.neputa-note.net/entry/2018/03/30/nakamura-fuminori-breaking-up-with-you-at-last-winter,301,TRUE,FALSE,FALSE
https://www.neputa-note.net/2018/03/takamura-kaoru-gods-fire/,https://www.neputa-note.net/entry/2018/03/23/takamura-kaoru-gods-fire,301,TRUE,FALSE,FALSE
https://www.neputa-note.net/2018/04/kaho-nashiki-the-witch-of-the-west-died/,https://www.neputa-note.net/entry/2018/04/04/kaho-nashiki-the-witch-of-the-west-died,301,TRUE,FALSE,FALSE
https://www.neputa-note.net/2018/05/kenta-nishimura-hotel-of-the-culvert/,https://www.neputa-note.net/entry/2018/05/09/kenta-nishimura-hotel-of-the-culvert,301,TRUE,FALSE,FALSE
https://www.neputa-note.net/2018/05/living-with-a-java-sparrow/,https://www.neputa-note.net/entry/2018/05/15/living-with-a-java-sparrow,301,TRUE,FALSE,FALSE
https://www.neputa-note.net/2018/05/nashiki-kaho-iemori-kitan/,https://www.neputa-note.net/entry/2018/05/21/nashiki-kaho-iemori-kitan,301,TRUE,FALSE,FALSE
https://www.neputa-note.net/2018/05/night-picnic/,https://www.neputa-note.net/entry/2018/05/14/night-picnic,301,TRUE,FALSE,FALSE
https://www.neputa-note.net/2018/05/scott-turow-burden-of-proof/,https://www.neputa-note.net/entry/2018/05/03/scott-turow-burden-of-proof,301,TRUE,FALSE,FALSE
https://www.neputa-note.net/2018/06/miyamoto-tsuneichi-people-live-in-the-mountains/,https://www.neputa-note.net/entry/2018/06/01/miyamoto-tsuneichi-people-live-in-the-mountains,301,TRUE,FALSE,FALSE
https://www.neputa-note.net/2018/06/syudou-urio-brain-man/,https://www.neputa-note.net/entry/2018/06/02/syudou-urio-brain-man,301,TRUE,FALSE,FALSE
https://www.neputa-note.net/2018/06/syudou-urio-brain-man-2/,https://www.neputa-note.net/entry/2018/06/09/syudou-urio-brain-man-2,301,TRUE,FALSE,FALSE
https://www.neputa-note.net/2018/07/13-reasons-why-netflix/,https://www.neputa-note.net/entry/2018/07/09/13-reasons-why-netflix,301,TRUE,FALSE,FALSE
https://www.neputa-note.net/2018/07/boston-teran-giv-the-story-of-a-dog-and-america/,https://www.neputa-note.net/entry/2018/07/22/boston-teran-giv-the-story-of-a-dog-and-america,301,TRUE,FALSE,FALSE
https://www.neputa-note.net/2018/07/minato-kanae-utopia/,https://www.neputa-note.net/entry/2018/07/27/minato-kanae-utopia,301,TRUE,FALSE,FALSE
https://www.neputa-note.net/2018/07/nagatsuka-yasuyuki-eastern-europe-football-chronicle/,https://www.neputa-note.net/entry/2018/07/20/nagatsuka-yasuyuki-eastern-europe-football-chronicle,301,TRUE,FALSE,FALSE
https://www.neputa-note.net/2018/08/somerset-maugham-ashenden/,https://www.neputa-note.net/entry/2018/08/30/somerset-maugham-ashenden,301,TRUE,FALSE,FALSE
https://www.neputa-note.net/2019/01/q64/,https://www.neputa-note.net/entry/2019/01/11/q64,301,TRUE,FALSE,FALSE
https://www.neputa-note.net/2019/03/shape-of-happiness/,https://www.neputa-note.net/entry/2019/03/25/shape-of-happiness,301,TRUE,FALSE,FALSE
https://www.neputa-note.net/2019/10/shino-sakuragi-tundra/,https://www.neputa-note.net/entry/2019/10/02/shino-sakuragi-tundra,301,TRUE,FALSE,FALSE
https://www.neputa-note.net/2019/10/william-irishphantom-lady/,https://www.neputa-note.net/entry/2019/10/23/william-irishphantom-lady,301,TRUE,FALSE,FALSE
https://www.neputa-note.net/2019/11/film-joker/,https://www.neputa-note.net/entry/2019/11/17/film-joker,301,TRUE,FALSE,FALSE
https://www.neputa-note.net/2020/08/harariyuvalnoah-abriefhistoryofhumankind/,https://www.neputa-note.net/entry/2020/08/26/harariyuvalnoah-abriefhistoryofhumankind,301,TRUE,FALSE,FALSE
https://www.neputa-note.net/2020/09/changed-title-and-domain/,https://www.neputa-note.net/entry/2020/09/29/changed-title-and-domain,301,TRUE,FALSE,FALSE
https://www.neputa-note.net/2020/09/design-patterns-explained/,https://www.neputa-note.net/entry/2020/09/23/design-patterns-explained,301,TRUE,FALSE,FALSE
https://www.neputa-note.net/2020/10/born-in-1982-kim-ji-yuoung/,https://www.neputa-note.net/entry/2020/10/12/born-in-1982-kim-ji-yuoung,301,TRUE,FALSE,FALSE
https://www.neputa-note.net/2020/10/firefox-addon-facebook-container/,https://www.neputa-note.net/entry/2020/10/26/firefox-addon-facebook-container,301,TRUE,FALSE,FALSE
https://www.neputa-note.net/2020/10/joplin/,https://www.neputa-note.net/entry/2020/10/07/joplin,301,TRUE,FALSE,FALSE
https://www.neputa-note.net/2020/10/my-first-korean-drama/,https://www.neputa-note.net/entry/2020/10/21/my-first-korean-drama,301,TRUE,FALSE,FALSE
https://www.neputa-note.net/2020/10/vscode-editorconfig/,https://www.neputa-note.net/entry/2020/10/15/vscode-editorconfig,301,TRUE,FALSE,FALSE
https://www.neputa-note.net/2020/10/vscode-stylecop/,https://www.neputa-note.net/entry/2020/10/10/vscode-stylecop,301,TRUE,FALSE,FALSE
https://www.neputa-note.net/2020/10/vscode-vim-surround/,https://www.neputa-note.net/entry/2020/10/05/vscode-vim-surround,301,TRUE,FALSE,FALSE
https://www.neputa-note.net/2020/11/blog-post/,https://www.neputa-note.net/entry/2020/11/27/blog-post,301,TRUE,FALSE,FALSE
https://www.neputa-note.net/2020/11/dr-heinrich/,https://www.neputa-note.net/entry/2020/11/22/dr-heinrich,301,TRUE,FALSE,FALSE
https://www.neputa-note.net/2020/11/nakawaki-hatsue-kimiha-iiko/,https://www.neputa-note.net/entry/2020/11/09/nakawaki-hatsue-kimiha-iiko,301,TRUE,FALSE,FALSE
https://www.neputa-note.net/2020/11/netflix-poland/,https://www.neputa-note.net/entry/2020/11/06/netflix-poland,301,TRUE,FALSE,FALSE
https://www.neputa-note.net/2020/12/azure-ad-b2c-createtenant-error/,https://www.neputa-note.net/entry/2020/12/10/azure-ad-b2c-createtenant-error,301,TRUE,FALSE,FALSE
https://www.neputa-note.net/2020/12/dotnet-moq/,https://www.neputa-note.net/entry/2020/12/08/dotnet-moq,301,TRUE,FALSE,FALSE
https://www.neputa-note.net/2020/12/lookingback-2020/,https://www.neputa-note.net/entry/2020/12/31/lookingback-2020,301,TRUE,FALSE,FALSE
https://www.neputa-note.net/2021/01/cosmos-db-research/,https://www.neputa-note.net/entry/2021/01/17/cosmos-db-research,301,TRUE,FALSE,FALSE
https://www.neputa-note.net/2021/01/netflix-criminal/,https://www.neputa-note.net/entry/2021/01/31/netflix-criminal,301,TRUE,FALSE,FALSE
https://www.neputa-note.net/2021/01/xunit-trouble-shooting/,https://www.neputa-note.net/entry/2021/01/20/xunit-trouble-shooting,301,TRUE,FALSE,FALSE
https://www.neputa-note.net/2021/02/azure-devops-boards-childlinks/,https://www.neputa-note.net/entry/2021/02/14/azure-devops-boards-childlinks,301,TRUE,FALSE,FALSE
https://www.neputa-note.net/2021/02/clean-architecture/,https://www.neputa-note.net/entry/2021/02/12/clean-architecture,301,TRUE,FALSE,FALSE
https://www.neputa-note.net/2021/02/corpus-christi/,https://www.neputa-note.net/entry/2021/02/22/corpus-christi,301,TRUE,FALSE,FALSE
https://www.neputa-note.net/2021/02/first-mobile-app-01/,https://www.neputa-note.net/entry/2021/02/28/first-mobile-app-01,301,TRUE,FALSE,FALSE
https://www.neputa-note.net/2021/02/onethird-release/,https://www.neputa-note.net/entry/2021/02/13/onethird-release,301,TRUE,FALSE,FALSE
https://www.neputa-note.net/2021/03/first-mobile-app-02/,https://www.neputa-note.net/entry/2021/03/01/first-mobile-app-02,301,TRUE,FALSE,FALSE
https://www.neputa-note.net/2021/03/first-mobile-app-03/,https://www.neputa-note.net/entry/2021/03/02/first-mobile-app-03,301,TRUE,FALSE,FALSE
https://www.neputa-note.net/2021/03/first-mobile-app-04/,https://www.neputa-note.net/entry/2021/03/03/first-mobile-app-04,301,TRUE,FALSE,FALSE
https://www.neputa-note.net/2021/03/first-mobile-app-05/,https://www.neputa-note.net/entry/2021/03/04/first-mobile-app-05,301,TRUE,FALSE,FALSE
https://www.neputa-note.net/2021/03/first-mobile-app-06/,https://www.neputa-note.net/entry/2021/03/05/first-mobile-app-06,301,TRUE,FALSE,FALSE
https://www.neputa-note.net/2021/03/first-mobile-app-07/,https://www.neputa-note.net/entry/2021/03/06/first-mobile-app-07,301,TRUE,FALSE,FALSE
https://www.neputa-note.net/2021/03/xamarin-linker-r8/,https://www.neputa-note.net/entry/2021/03/13/xamarin-linker-r8,301,TRUE,FALSE,FALSE
https://www.neputa-note.net/2021/05/daiary-about-my-parents/,https://www.neputa-note.net/entry/2021/05/12/daiary-about-my-parents,301,TRUE,FALSE,FALSE
https://www.neputa-note.net/2021/06/tarinaifutari/,https://www.neputa-note.net/entry/2021/06/14/tarinaifutari,301,TRUE,FALSE,FALSE
https://www.neputa-note.net/2021/08/40/,https://www.neputa-note.net/entry/2021/08/23/40,301,TRUE,FALSE,FALSE
https://www.neputa-note.net/2021/08/economics-of-good-and-evil/,https://www.neputa-note.net/entry/2021/08/25/economics-of-good-and-evil,301,TRUE,FALSE,FALSE
https://www.neputa-note.net/2021/08/human-observation/,https://www.neputa-note.net/entry/2021/08/12/human-observation,301,TRUE,FALSE,FALSE
https://www.neputa-note.net/2021/08/ourgirla/,https://www.neputa-note.net/entry/2021/08/27/ourgirla,301,TRUE,FALSE,FALSE
https://www.neputa-note.net/2021/08/thinkinghabits/,https://www.neputa-note.net/entry/2021/08/07/thinkinghabits,301,TRUE,FALSE,FALSE
https://www.neputa-note.net/2021/09/blog-post/,https://www.neputa-note.net/entry/2021/09/10/blog-post,301,TRUE,FALSE,FALSE
https://www.neputa-note.net/2021/09/blog-post_14/,https://www.neputa-note.net/entry/2021/09/12/blog-post_14,301,TRUE,FALSE,FALSE
https://www.neputa-note.net/2021/09/blogpost22/,https://www.neputa-note.net/entry/2021/09/22/blogpost22,301,TRUE,FALSE,FALSE
https://www.neputa-note.net/2021/09/blogpost30/,https://www.neputa-note.net/entry/2021/09/30/blogpost30,301,TRUE,FALSE,FALSE
https://www.neputa-note.net/2021/09/ferdinand-von-schirach/,https://www.neputa-note.net/entry/2021/09/08/ferdinand-von-schirach,301,TRUE,FALSE,FALSE
https://www.neputa-note.net/2021/10/blogpost01/,https://www.neputa-note.net/entry/2021/10/02/blogpost01,301,TRUE,FALSE,FALSE
https://www.neputa-note.net/2021/10/blogpost05/,https://www.neputa-note.net/entry/2021/10/05/blogpost05,301,TRUE,FALSE,FALSE
https://www.neputa-note.net/2021/10/blogpost06/,https://www.neputa-note.net/entry/2021/10/06/blogpost06,301,TRUE,FALSE,FALSE
https://www.neputa-note.net/2021/10/blogpost13/,https://www.neputa-note.net/entry/2021/10/13/blogpost13,301,TRUE,FALSE,FALSE
https://www.neputa-note.net/2021/10/gits02/,https://www.neputa-note.net/entry/2021/10/06/gits02,301,TRUE,FALSE,FALSE
https://www.neputa-note.net/2021/11/record-of-thought/,https://www.neputa-note.net/entry/2021/11/14/record-of-thought,301,TRUE,FALSE,FALSE
https://www.neputa-note.net/2021/11/spanish-music/,https://www.neputa-note.net/entry/2021/11/17/spanish-music,301,TRUE,FALSE,FALSE
https://www.neputa-note.net/2021/11/ubuntu-apps-installation/,https://www.neputa-note.net/entry/2021/11/08/ubuntu-apps-installation,301,TRUE,FALSE,FALSE
https://www.neputa-note.net/2021/11/ubuntu-initial-settings/,https://www.neputa-note.net/entry/2021/11/07/ubuntu-initial-settings,301,TRUE,FALSE,FALSE
https://www.neputa-note.net/2021/11/xamarin-forms-admob/,https://www.neputa-note.net/entry/2021/11/20/xamarin-forms-admob,301,TRUE,FALSE,FALSE
https://www.neputa-note.net/2021/12/azure-devops-pipelines-existing-yaml/,https://www.neputa-note.net/entry/2021/12/24/azure-devops-pipelines-existing-yaml,301,TRUE,FALSE,FALSE
https://www.neputa-note.net/2021/12/azuredevops-pipeline-release/,https://www.neputa-note.net/entry/2021/12/31/azuredevops-pipeline-release,301,TRUE,FALSE,FALSE
https://www.neputa-note.net/2021/12/future-plans-for-mydev/,https://www.neputa-note.net/entry/2021/12/18/future-plans-for-mydev,301,TRUE,FALSE,FALSE
https://www.neputa-note.net/2022/01/add-neovim-context-menu/,https://www.neputa-note.net/entry/2022/01/21/add-neovim-context-menu,301,TRUE,FALSE,FALSE
https://www.neputa-note.net/2022/01/i-recommend-honto/,https://www.neputa-note.net/entry/2022/01/22/i-recommend-honto,301,TRUE,FALSE,FALSE
https://www.neputa-note.net/2022/01/my-goals-2021-2022/,https://www.neputa-note.net/entry/2022/01/04/my-goals-2021-2022,301,TRUE,FALSE,FALSE
https://www.neputa-note.net/2022/01/onethird-newversion-1-1/,https://www.neputa-note.net/entry/2022/01/16/onethird-newversion-1-1,301,TRUE,FALSE,FALSE
https://www.neputa-note.net/2022/02/blazor-wasm-localization/,https://www.neputa-note.net/entry/2022/02/15/blazor-wasm-localization,301,TRUE,FALSE,FALSE
https://www.neputa-note.net/2022/02/trying-vim-script/,https://www.neputa-note.net/entry/2022/02/04/trying-vim-script,301,TRUE,FALSE,FALSE
https://www.neputa-note.net/2022/02/vscode-extensions-background/,https://www.neputa-note.net/entry/2022/02/05/vscode-extensions-background,301,TRUE,FALSE,FALSE
https://www.neputa-note.net/2022/03/dotnet-configurationbuilder/,https://www.neputa-note.net/entry/2022/03/09/dotnet-configurationbuilder,301,TRUE,FALSE,FALSE
https://www.neputa-note.net/2022/03/one-more/,https://www.neputa-note.net/entry/2022/03/16/one-more,301,TRUE,FALSE,FALSE
https://www.neputa-note.net/2022/03/terror-schirach/,https://www.neputa-note.net/entry/2022/03/24/terror-schirach,301,TRUE,FALSE,FALSE
https://www.neputa-note.net/2022/04/ubik-/,https://www.neputa-note.net/entry/2022/04/17/ubik-,301,TRUE,FALSE,FALSE
https://www.neputa-note.net/2022/05/spy-movies/,https://www.neputa-note.net/entry/2022/05/18/spy-movies,301,TRUE,FALSE,FALSE
https://www.neputa-note.net/2022/06/you/,https://www.neputa-note.net/entry/2022/06/25/you,301,TRUE,FALSE,FALSE
https://www.neputa-note.net/2022/07/blog-post/,https://www.neputa-note.net/entry/2022/07/09/blog-post,301,TRUE,FALSE,FALSE
https://www.neputa-note.net/2022/08/blog-post/,https://www.neputa-note.net/entry/2022/08/11/blog-post,301,TRUE,FALSE,FALSE
https://www.neputa-note.net/2022/08/terrorism-in-2019/,https://www.neputa-note.net/entry/2022/08/03/terrorism-in-2019,301,TRUE,FALSE,FALSE
https://www.neputa-note.net/2022/09/bakumon-ota-hikari/,https://www.neputa-note.net/entry/2022/09/17/bakumon-ota-hikari,301,TRUE,FALSE,FALSE
https://www.neputa-note.net/2022/09/kawamoto-makoto-subscription/,https://www.neputa-note.net/entry/2022/09/20/kawamoto-makoto-subscription,301,TRUE,FALSE,FALSE
https://www.neputa-note.net/2022/10/anarchism-in-life/,https://www.neputa-note.net/entry/2022/10/02/anarchism-in-life,301,TRUE,FALSE,FALSE
https://www.neputa-note.net/2022/10/dr-heinrich/,https://www.neputa-note.net/entry/2022/10/09/dr-heinrich,301,TRUE,FALSE,FALSE
https://www.neputa-note.net/2022/11/suzuki-eito-toitsukyokai/,https://www.neputa-note.net/entry/2022/11/10/suzuki-eito-toitsukyokai,301,TRUE,FALSE,FALSE
https://www.neputa-note.net/2022/12/m-1-2022/,https://www.neputa-note.net/entry/2022/12/21/m-1-2022,301,TRUE,FALSE,FALSE
https://www.neputa-note.net/2023/01/diary-about-parent-and-child/,https://www.neputa-note.net/entry/2023/01/26/diary-about-parent-and-child,301,TRUE,FALSE,FALSE
https://www.neputa-note.net/2023/01/my-goals-2022-2023/,https://www.neputa-note.net/entry/2023/01/08/my-goals-2022-2023,301,TRUE,FALSE,FALSE
https://www.neputa-note.net/2023/01/origa-morisovunas-iro/,https://www.neputa-note.net/entry/2023/01/29/origa-morisovunas-iro,301,TRUE,FALSE,FALSE
https://www.neputa-note.net/2023/03/fctix5/,https://www.neputa-note.net/entry/2023/03/24/fctix5,301,TRUE,FALSE,FALSE
https://www.neputa-note.net/2023/03/hier-agota-kristof/,https://www.neputa-note.net/entry/2023/03/18/hier-agota-kristof,301,TRUE,FALSE,FALSE
https://www.neputa-note.net/2023/03/neovim-clipboard/,https://www.neputa-note.net/entry/2023/03/19/neovim-clipboard,301,TRUE,FALSE,FALSE
https://www.neputa-note.net/2023/05/blog-post/,https://www.neputa-note.net/entry/2023/05/17/blog-post,301,TRUE,FALSE,FALSE
https://www.neputa-note.net/2023/05/blog-post_24/,https://www.neputa-note.net/entry/2023/05/24/blog-post_24,301,TRUE,FALSE,FALSE
https://www.neputa-note.net/2023/05/the-second/,https://www.neputa-note.net/entry/2023/05/21/the-second,301,TRUE,FALSE,FALSE
https://www.neputa-note.net/2023/06/no-podcast-no-life/,https://www.neputa-note.net/entry/2023/06/11/no-podcast-no-life,301,TRUE,FALSE,FALSE
https://www.neputa-note.net/2023/06/padda-oryzivora/,https://www.neputa-note.net/entry/2023/06/18/padda-oryzivora,301,TRUE,FALSE,FALSE
https://www.neputa-note.net/2023/08/introduction-to-ethics/,https://www.neputa-note.net/entry/2023/08/27/introduction-to-ethics,301,TRUE,FALSE,FALSE
https://www.neputa-note.net/2023/08/yanagisawa-masashi-lecture/,https://www.neputa-note.net/entry/2023/08/15/yanagisawa-masashi-lecture,301,TRUE,FALSE,FALSE
https://www.neputa-note.net/2023/09/padda-oryzivora-illness/,https://www.neputa-note.net/entry/2023/09/27/padda-oryzivora-illness,301,TRUE,FALSE,FALSE
https://www.neputa-note.net/2023/11/blog-post/,https://www.neputa-note.net/entry/2023/11/01/blog-post,301,TRUE,FALSE,FALSE
https://www.neputa-note.net/2023/12/postman-azure-b2c/,https://www.neputa-note.net/entry/2023/12/03/postman-azure-b2c,301,TRUE,FALSE,FALSE
https://www.neputa-note.net/2023/12/recent-events/,https://www.neputa-note.net/entry/2023/12/11/recent-events,301,TRUE,FALSE,FALSE
https://www.neputa-note.net/2024/03/family-farewell/,https://www.neputa-note.net/entry/2024/03/22/family-farewell,301,TRUE,FALSE,FALSE
https://www.neputa-note.net/2024/04/azuredevops-github/,https://www.neputa-note.net/entry/2024/04/09/azuredevops-github,301,TRUE,FALSE,FALSE
https://www.neputa-note.net/2024/04/azuredevopspipelines-github/,https://www.neputa-note.net/entry/2024/04/14/azuredevopspipelines-github,301,TRUE,FALSE,FALSE
https://www.neputa-note.net/2024/04/blogger-archives/,https://www.neputa-note.net/entry/2024/04/05/blogger-archives,301,TRUE,FALSE,FALSE
https://www.neputa-note.net/2024/04/blogger-cloudflare/,https://www.neputa-note.net/entry/2024/04/08/blogger-cloudflare,301,TRUE,FALSE,FALSE
https://www.neputa-note.net/2024/04/blogger-cname/,https://www.neputa-note.net/entry/2024/04/04/blogger-cname,301,TRUE,FALSE,FALSE
https://www.neputa-note.net/2024/04/blogger-pagespeedinsights/,https://www.neputa-note.net/entry/2024/04/25/blogger-pagespeedinsights,301,TRUE,FALSE,FALSE
https://www.neputa-note.net/2024/04/gsheets-importxml/,https://www.neputa-note.net/entry/2024/04/17/gsheets-importxml,301,TRUE,FALSE,FALSE
https://www.neputa-note.net/2024/04/purgecss/,https://www.neputa-note.net/entry/2024/04/07/purgecss,301,TRUE,FALSE,FALSE
https://www.neputa-note.net/2024/04/ubuntu-nodejs-install/,https://www.neputa-note.net/entry/2024/04/06/ubuntu-nodejs-install,301,TRUE,FALSE,FALSE
https://www.neputa-note.net/2024/04/vscode-joplin/,https://www.neputa-note.net/entry/2024/04/16/vscode-joplin,301,TRUE,FALSE,FALSE
https://www.neputa-note.net/2024/04/win-linux-neovim/,https://www.neputa-note.net/entry/2024/04/23/win-linux-neovim,301,TRUE,FALSE,FALSE
https://www.neputa-note.net/2024/05/astro-tailwind/,https://www.neputa-note.net/entry/2024/05/29/astro-tailwind,301,TRUE,FALSE,FALSE
https://www.neputa-note.net/2024/05/blog-post/,https://www.neputa-note.net/entry/2024/05/06/blog-post,301,TRUE,FALSE,FALSE
https://www.neputa-note.net/2024/05/neovim-snap/,https://www.neputa-note.net/entry/2024/05/08/neovim-snap,301,TRUE,FALSE,FALSE
https://www.neputa-note.net/2024/05/toothbrush/,https://www.neputa-note.net/entry/2024/05/27/toothbrush,301,TRUE,FALSE,FALSE
https://www.neputa-note.net/2024/06/checklist-maker-release/,https://www.neputa-note.net/entry/2024/06/02/checklist-maker-release,301,TRUE,FALSE,FALSE
https://www.neputa-note.net/2024/07/adsense-lazy-loading/,https://www.neputa-note.net/entry/2024/07/20/adsense-lazy-loading,301,TRUE,FALSE,FALSE
https://www.neputa-note.net/2024/07/astro-blogcard/,https://www.neputa-note.net/entry/2024/07/18/astro-blogcard,301,TRUE,FALSE,FALSE
https://www.neputa-note.net/2024/07/astro-bread-crumbs/,https://www.neputa-note.net/entry/2024/07/21/astro-bread-crumbs,301,TRUE,FALSE,FALSE
https://www.neputa-note.net/2024/07/astro-contactform-recaptchav3-validation/,https://www.neputa-note.net/entry/2024/07/22/astro-contactform-recaptchav3-validation,301,TRUE,FALSE,FALSE
https://www.neputa-note.net/2024/07/astro-embed-youtube/,https://www.neputa-note.net/entry/2024/07/19/astro-embed-youtube,301,TRUE,FALSE,FALSE
https://www.neputa-note.net/2024/07/astro-image-caption/,https://www.neputa-note.net/entry/2024/07/19/astro-image-caption,301,TRUE,FALSE,FALSE
https://www.neputa-note.net/2024/07/astro-lazy-loading-analytics/,https://www.neputa-note.net/entry/2024/07/20/astro-lazy-loading-analytics,301,TRUE,FALSE,FALSE
https://www.neputa-note.net/2024/07/astro-mobile-tabbar/,https://www.neputa-note.net/entry/2024/07/17/astro-mobile-tabbar,301,TRUE,FALSE,FALSE
https://www.neputa-note.net/2024/07/astro-related-posts/,https://www.neputa-note.net/entry/2024/07/15/astro-related-posts,301,TRUE,FALSE,FALSE
https://www.neputa-note.net/2024/07/astro-rss/,https://www.neputa-note.net/entry/2024/07/12/astro-rss,301,TRUE,FALSE,FALSE
https://www.neputa-note.net/2024/07/astro-shiki-filename-diff/,https://www.neputa-note.net/entry/2024/07/13/astro-shiki-filename-diff,301,TRUE,FALSE,FALSE
https://www.neputa-note.net/2024/07/blurred-feelings/,https://www.neputa-note.net/entry/2024/07/14/blurred-feelings,301,TRUE,FALSE,FALSE
https://www.neputa-note.net/2024/07/dotnet-maui-vscode-wsl/,https://www.neputa-note.net/entry/2024/07/28/dotnet-maui-vscode-wsl,301,TRUE,FALSE,FALSE
https://www.neputa-note.net/2024/07/headless-cms-frontmatter-vscode/,https://www.neputa-note.net/entry/2024/07/03/headless-cms-frontmatter-vscode,301,TRUE,FALSE,FALSE
https://www.neputa-note.net/2024/07/jest-astro/,https://www.neputa-note.net/entry/2024/07/05/jest-astro,301,TRUE,FALSE,FALSE
https://www.neputa-note.net/2024/07/migrated-blogger-to-astro/,https://www.neputa-note.net/entry/2024/07/01/migrated-blogger-to-astro,301,TRUE,FALSE,FALSE
https://www.neputa-note.net/2024/07/vscode-textlint/,https://www.neputa-note.net/entry/2024/07/07/vscode-textlint,301,TRUE,FALSE,FALSE
https://www.neputa-note.net/2024/08/blood-relative/,https://www.neputa-note.net/entry/2024/08/13/blood-relative,301,TRUE,FALSE,FALSE
https://www.neputa-note.net/2024/08/dotnet-maui-avdmanager-error/,https://www.neputa-note.net/entry/2024/08/26/dotnet-maui-avdmanager-error,301,TRUE,FALSE,FALSE
https://www.neputa-note.net/2024/08/dotnet-maui-vscode-windows/,https://www.neputa-note.net/entry/2024/08/27/dotnet-maui-vscode-windows,301,TRUE,FALSE,FALSE
https://www.neputa-note.net/2024/08/happy-messages/,https://www.neputa-note.net/entry/2024/08/16/happy-messages,301,TRUE,FALSE,FALSE
https://www.neputa-note.net/2024/08/mind-time/,https://www.neputa-note.net/entry/2024/08/10/mind-time,301,TRUE,FALSE,FALSE
https://www.neputa-note.net/2024/09/paralympics-2024/,https://www.neputa-note.net/entry/2024/09/09/paralympics-2024,301,TRUE,FALSE,FALSE
https://www.neputa-note.net/2024/10/mobile-app-and-litedb/,https://www.neputa-note.net/entry/2024/10/10/mobile-app-and-litedb,301,TRUE,FALSE,FALSE
https://www.neputa-note.net/2024/10/pigmentary-degeneration-of-the-retina/,https://www.neputa-note.net/entry/2024/10/21/pigmentary-degeneration-of-the-retina,301,TRUE,FALSE,FALSE
https://www.neputa-note.net/2024/11/aspnetcore-nginx-docker-conoha-vps/,https://www.neputa-note.net/entry/2024/11/26/aspnetcore-nginx-docker-conoha-vps,301,TRUE,FALSE,FALSE
https://www.neputa-note.net/2024/11/kaffee-und-zigaretten/,https://www.neputa-note.net/entry/2024/11/27/kaffee-und-zigaretten,301,TRUE,FALSE,FALSE
https://www.neputa-note.net/2024/11/tmux-wsl2-ubuntu-2404lts/,https://www.neputa-note.net/entry/2024/11/19/tmux-wsl2-ubuntu-2404lts,301,TRUE,FALSE,FALSE
https://www.neputa-note.net/2024/12/felissimo-without-borders/,https://www.neputa-note.net/entry/2024/12/01/felissimo-without-borders,301,TRUE,FALSE,FALSE
https://www.neputa-note.net/2024/12/i-met-mr-goldhead/,https://www.neputa-note.net/entry/2024/12/08/i-met-mr-goldhead,301,TRUE,FALSE,FALSE
https://www.neputa-note.net/2024/12/visual-problems/,https://www.neputa-note.net/entry/2024/12/15/visual-problems,301,TRUE,FALSE,FALSE
https://www.neputa-note.net/2025/01/about-sunglasses/,https://www.neputa-note.net/entry/2025/01/12/about-sunglasses,301,TRUE,FALSE,FALSE
https://www.neputa-note.net/2025/01/recent-thoughts/,https://www.neputa-note.net/entry/2025/01/28/recent-thoughts,301,TRUE,FALSE,FALSE
https://www.neputa-note.net/2025/02/acme-client-letsencrypt-autoupdate/,https://www.neputa-note.net/entry/2025/03/04/acme-client-letsencrypt-autoupdate,301,TRUE,FALSE,FALSE
https://www.neputa-note.net/2025/02/cloudflare-ttfb/,https://www.neputa-note.net/entry/2025/03/03/cloudflare-ttfb,301,TRUE,FALSE,FALSE
https://www.neputa-note.net/2025/02/dic-kawamura-memorial-museum-of-art/,https://www.neputa-note.net/entry/2025/02/27/dic-kawamura-memorial-museum-of-art,301,TRUE,FALSE,FALSE
https://www.neputa-note.net/2025/03/my-records-of-my-vision-03/,https://www.neputa-note.net/entry/2025/03/09/my-records-of-my-vision-03,301,TRUE,FALSE,FALSE
https://www.neputa-note.net/2025/03/what-should-i-have-done/,https://www.neputa-note.net/entry/2025/03/28/what-should-i-have-done,301,TRUE,FALSE,FALSE
https://www.neputa-note.net/2025/04/creating-dotfiles-for-windows-and-ubuntu/,https://www.neputa-note.net/entry/2025/04/15/creating-dotfiles-for-windows-and-ubuntu,301,TRUE,FALSE,FALSE
https://www.neputa-note.net/2025/04/dotnet-maui-collectionview-binding-null-problem/,https://www.neputa-note.net/entry/2025/04/15/dotnet-maui-collectionview-binding-null-problem,301,TRUE,FALSE,FALSE
https://www.neputa-note.net/2025/04/mastering-drag-and-drop-in-net-maui/,https://www.neputa-note.net/entry/2025/04/14/mastering-drag-and-drop-in-net-maui,301,TRUE,FALSE,FALSE
https://www.neputa-note.net/2025/04/neovim-ime-off-when-exiting-insert-mode/,https://www.neputa-note.net/entry/2025/04/17/neovim-ime-off-when-exiting-insert-mode,301,TRUE,FALSE,FALSE
https://www.neputa-note.net/2025/04/the-unix-philosophy/,https://www.neputa-note.net/entry/2025/03/31/the-unix-philosophy,301,TRUE,FALSE,FALSE
https://www.neputa-note.net/2025/06/my-records-of-my-vision-04/,https://www.neputa-note.net/entry/2025/06/18/my-records-of-my-vision-04,301,TRUE,FALSE,FALSE
https://www.neputa-note.net/2025/07/reflections-and-thoughts-a-personal-memo/,https://www.neputa-note.net/entry/2025/07/15/reflections-and-thoughts-a-personal-memo,301,TRUE,FALSE,FALSE
https://www.neputa-note.net/2025/08/astro-formspree-contact-form/,https://www.neputa-note.net/entry/2025/08/12/astro-formspree-contact-form,301,TRUE,FALSE,FALSE
https://www.neputa-note.net/2025/08/comrade-girl-shoot-the-enemy/,https://www.neputa-note.net/entry/2025/08/23/comrade-girl-shoot-the-enemy,301,TRUE,FALSE,FALSE
https://www.neputa-note.net/2025/10/beautiful-letters-with-a-fountain-pen/,https://www.neputa-note.net/entry/2025/10/14/beautiful-letters-with-a-fountain-pen,301,TRUE,FALSE,FALSE
https://www.neputa-note.net/2025/10/logical-thinking-and-cultural-foundations/,https://www.neputa-note.net/entry/2025/10/22/logical-thinking-and-cultural-foundations,301,TRUE,FALSE,FALSE
https://www.neputa-note.net/2025/10/my-records-of-my-vision-05/,https://www.neputa-note.net/entry/2025/10/06/my-records-of-my-vision-05,301,TRUE,FALSE,FALSE
https://www.neputa-note.net/2025/12/my-records-of-my-vision-06/,https://www.neputa-note.net/entry/2025/12/09/my-records-of-my-vision-06,301,TRUE,FALSE,FALSE
https://www.neputa-note.net/2025/12/my-records-of-my-vision-07/,https://www.neputa-note.net/entry/2025/12/14/my-records-of-my-vision-07,301,TRUE,FALSE,FALSE
https://www.neputa-note.net/2026/01/recent-events-20260131/,https://www.neputa-note.net/entry/2026/01/31/recent-events-20260131,301,TRUE,FALSE,FALSE
https://www.neputa-note.net/2026/01/review-and-outlook-2025-2026/,https://www.neputa-note.net/entry/2025/12/27/review-and-outlook-2025-2026,301,TRUE,FALSE,FALSE
https://www.neputa-note.net/2026/03/a-dream-i-had-on-2-march-2026/,https://www.neputa-note.net/entry/2026/03/03/a-dream-i-had-on-2-march-2026,301,TRUE,FALSE,FALSE
https://www.neputa-note.net/2026/03/a-dream-i-had-on-23-march-2026/,https://www.neputa-note.net/entry/2026/03/23/a-dream-i-had-on-23-march-2026,301,TRUE,FALSE,FALSE
https://www.neputa-note.net/2026/03/my-records-of-my-vision-08/,https://www.neputa-note.net/entry/2026/03/25/my-records-of-my-vision-08,301,TRUE,FALSE,FALSE
https://www.neputa-note.net/2026/03/nachmittage-shirach/,https://www.neputa-note.net/entry/2026/03/02/nachmittage-shirach,301,TRUE,FALSE,FALSE
https://www.neputa-note.net/2026/03/notes-on-supporting-16kb-memory-size-for-android-apps/,https://www.neputa-note.net/entry/2026/03/16/notes-on-supporting-16kb-memory-size-for-android-apps,301,TRUE,FALSE,FALSE
https://www.neputa-note.net/2026/04/etv-specialviewing-notes/,https://www.neputa-note.net/entry/2026/04/04/etv-specialviewing-notes,301,TRUE,FALSE,FALSE
https://www.neputa-note.net/2026/04/my-records-of-my-vision-09/,https://www.neputa-note.net/entry/2026/04/14/my-records-of-my-vision-09,301,TRUE,FALSE,FALSE
https://www.neputa-note.net/2026/04/my-records-of-my-vision-10/,https://www.neputa-note.net/entry/2026/04/17/my-records-of-my-vision-10,301,TRUE,FALSE,FALSE
https://www.neputa-note.net/2026/04/reflections-university-of-tokyo-open-lecture/,https://www.neputa-note.net/entry/2026/04/22/reflections-university-of-tokyo-open-lecture,301,TRUE,FALSE,FALSE
https://www.neputa-note.net/2026/05/my-records-of-my-vision-11/,https://www.neputa-note.net/entry/2026/05/02/my-records-of-my-vision-11,301,TRUE,FALSE,FALSE
https://www.neputa-note.net/2026/05/why-do-diseases-exist/,https://www.neputa-note.net/entry/2026/05/12/why-do-diseases-exist,301,TRUE,FALSE,FALSE
https://www.neputa-note.net/2026/06/my-records-of-my-vision-12/,https://www.neputa-note.net/entry/2026/06/01/my-records-of-my-vision-12,301,TRUE,FALSE,FALSE
https://www.neputa-note.net/2026/06/my-records-of-my-vision-13/,https://www.neputa-note.net/entry/2026/06/12/my-records-of-my-vision-13,301,TRUE,FALSE,FALSE
https://www.neputa-note.net/2026/06/neocontrast-for-photophobia/,https://www.neputa-note.net/entry/2026/06/09/neocontrast-for-photophobia,301,TRUE,FALSE,FALSE
https://www.neputa-note.net/2026/07/applying-for-disability-benefits/,https://www.neputa-note.net/entry/2026/07/02/applying-for-disability-benefits,301,TRUE,FALSE,FALSE
https://www.neputa-note.net/2026/07/i-became-a-white-cane-user/,https://www.neputa-note.net/entry/2026/07/29/i-became-a-white-cane-user,301,TRUE,FALSE,FALSE
https://www.neputa-note.net/2026/08/notice-of-decision-on-disability-pension/,https://www.neputa-note.net/entry/2026/08/31/notice-of-decision-on-disability-pension,301,TRUE,FALSE,FALSE
